"CIUDADID","DEPARTAMENTOID","CIUDADNOMBRE","CIUDADNOMCIUDEP"
5376,5,"LA CEJA                                                     ","LA CEJA(ANTIOQUIA)                                                                                  "
5380,5,"LA ESTRELLA                                                 ","LA ESTRELLA(ANTIOQUIA)                                                                              "
5390,5,"LA PINTADA                                                  ","LA PINTADA(ANTIOQUIA)                                                                               "
5400,5,"LA UNIÓN                                                    ","LA UNIÓN(ANTIOQUIA)                                                                                 "
5411,5,"LIBORINA                                                    ","LIBORINA(ANTIOQUIA)                                                                                 "
5425,5,"MACEO                                                       ","MACEO(ANTIOQUIA)                                                                                    "
5440,5,"MARINILLA                                                   ","MARINILLA(ANTIOQUIA)                                                                                "
5467,5,"MONTEBELLO                                                  ","MONTEBELLO(ANTIOQUIA)                                                                               "
5475,5,"MURINDÓ                                                     ","MURINDÓ(ANTIOQUIA)                                                                                  "
5480,5,"MUTATÁ                                                      ","MUTATÁ(ANTIOQUIA)                                                                                   "
5483,5,"NARIÑO                                                      ","NARIÑO(ANTIOQUIA)                                                                                   "
5490,5,"NECOCLÍ                                                     ","NECOCLÍ(ANTIOQUIA)                                                                                  "
5495,5,"NECHÍ                                                       ","NECHÍ(ANTIOQUIA)                                                                                    "
5501,5,"OLAYA                                                       ","OLAYA(ANTIOQUIA)                                                                                    "
5541,5,"PEÑOL                                                       ","PEÑOL(ANTIOQUIA)                                                                                    "
5543,5,"PEQUE                                                       ","PEQUE(ANTIOQUIA)                                                                                    "
5576,5,"PUEBLORRICO                                                 ","PUEBLORRICO(ANTIOQUIA)                                                                              "
5579,5,"PUERTO BERRÍO                                               ","PUERTO BERRÍO(ANTIOQUIA)                                                                            "
5585,5,"PUERTO NARE                                                 ","PUERTO NARE(ANTIOQUIA)                                                                              "
5591,5,"PUERTO TRIUNFO                                              ","PUERTO TRIUNFO(ANTIOQUIA)                                                                           "
5604,5,"REMEDIOS                                                    ","REMEDIOS(ANTIOQUIA)                                                                                 "
5607,5,"RETIRO                                                      ","RETIRO(ANTIOQUIA)                                                                                   "
5237,5,"DON MATÍAS                                                  ","DON MATÍAS(ANTIOQUIA)                                                                               "
5240,5,"EBÉJICO                                                     ","EBÉJICO(ANTIOQUIA)                                                                                  "
5250,5,"EL BAGRE                                                    ","EL BAGRE(ANTIOQUIA)                                                                                 "
5264,5,"ENTRERRIOS                                                  ","ENTRERRIOS(ANTIOQUIA)                                                                               "
5266,5,"ENVIGADO                                                    ","ENVIGADO(ANTIOQUIA)                                                                                 "
5282,5,"FREDONIA                                                    ","FREDONIA(ANTIOQUIA)                                                                                 "
5284,5,"FRONTINO                                                    ","FRONTINO(ANTIOQUIA)                                                                                 "
5306,5,"GIRALDO                                                     ","GIRALDO(ANTIOQUIA)                                                                                  "
5308,5,"GIRARDOTA                                                   ","GIRARDOTA(ANTIOQUIA)                                                                                "
5310,5,"GÓMEZ PLATA                                                 ","GÓMEZ PLATA(ANTIOQUIA)                                                                              "
5313,5,"GRANADA                                                     ","GRANADA(ANTIOQUIA)                                                                                  "
5315,5,"GUADALUPE                                                   ","GUADALUPE(ANTIOQUIA)                                                                                "
5318,5,"GUARNE                                                      ","GUARNE(ANTIOQUIA)                                                                                   "
5321,5,"GUATAPE                                                     ","GUATAPE(ANTIOQUIA)                                                                                  "
5347,5,"HELICONIA                                                   ","HELICONIA(ANTIOQUIA)                                                                                "
5353,5,"HISPANIA                                                    ","HISPANIA(ANTIOQUIA)                                                                                 "
5360,5,"ITAGUI                                                      ","ITAGUI(ANTIOQUIA)                                                                                   "
5361,5,"ITUANGO                                                     ","ITUANGO(ANTIOQUIA)                                                                                  "
5364,5,"JARDÍN                                                      ","JARDÍN(ANTIOQUIA)                                                                                   "
5368,5,"JERICÓ                                                      ","JERICÓ(ANTIOQUIA)                                                                                   "
5615,5,"RIONEGRO                                                    ","RIONEGRO(ANTIOQUIA)                                                                                 "
5628,5,"SABANALARGA                                                 ","SABANALARGA(ANTIOQUIA)                                                                              "
5631,5,"SABANETA                                                    ","SABANETA(ANTIOQUIA)                                                                                 "
5642,5,"SALGAR                                                      ","SALGAR(ANTIOQUIA)                                                                                   "
5647,5,"SAN ANDRÉS                                                  ","SAN ANDRÉS(ANTIOQUIA)                                                                               "
5649,5,"SAN CARLOS                                                  ","SAN CARLOS(ANTIOQUIA)                                                                               "
5652,5,"SAN FRANCISCO                                               ","SAN FRANCISCO(ANTIOQUIA)                                                                            "
5656,5,"SAN JERÓNIMO                                                ","SAN JERÓNIMO(ANTIOQUIA)                                                                             "
5658,5,"SAN JOSÉ DE LA MONTAÑA                                      ","SAN JOSÉ DE LA MONTAÑA(ANTIOQUIA)                                                                   "
5659,5,"SAN JUAN DE URABÁ                                           ","SAN JUAN DE URABÁ(ANTIOQUIA)                                                                        "
5660,5,"SAN LUIS                                                    ","SAN LUIS(ANTIOQUIA)                                                                                 "
5664,5,"SAN PEDRO                                                   ","SAN PEDRO(ANTIOQUIA)                                                                                "
5665,5,"SAN PEDRO DE URABA                                          ","SAN PEDRO DE URABA(ANTIOQUIA)                                                                       "
5667,5,"SAN RAFAEL                                                  ","SAN RAFAEL(ANTIOQUIA)                                                                               "
5670,5,"SAN ROQUE                                                   ","SAN ROQUE(ANTIOQUIA)                                                                                "
5674,5,"SAN VICENTE                                                 ","SAN VICENTE(ANTIOQUIA)                                                                              "
5679,5,"SANTA BÁRBARA                                               ","SANTA BÁRBARA(ANTIOQUIA)                                                                            "
5686,5,"SANTA ROSA DE OSOS                                          ","SANTA ROSA DE OSOS(ANTIOQUIA)                                                                       "
5690,5,"SANTO DOMINGO                                               ","SANTO DOMINGO(ANTIOQUIA)                                                                            "
5697,5,"EL SANTUARIO                                                ","EL SANTUARIO(ANTIOQUIA)                                                                             "
1,1,"NINGUNA                                                     ","NINGUNA                                                                                             "
5001,5,"MEDELLÍN                                                    ","MEDELLÍN(ANTIOQUIA)                                                                                 "
5002,5,"ABEJORRAL                                                   ","ABEJORRAL(ANTIOQUIA)                                                                                "
5004,5,"ABRIAQUÍ                                                    ","ABRIAQUÍ(ANTIOQUIA)                                                                                 "
5021,5,"ALEJANDRÍA                                                  ","ALEJANDRÍA(ANTIOQUIA)                                                                               "
5030,5,"AMAGÁ                                                       ","AMAGÁ(ANTIOQUIA)                                                                                    "
5031,5,"AMALFI                                                      ","AMALFI(ANTIOQUIA)                                                                                   "
5034,5,"ANDES                                                       ","ANDES(ANTIOQUIA)                                                                                    "
5036,5,"ANGELÓPOLIS                                                 ","ANGELÓPOLIS(ANTIOQUIA)                                                                              "
5038,5,"ANGOSTURA                                                   ","ANGOSTURA(ANTIOQUIA)                                                                                "
5040,5,"ANORÍ                                                       ","ANORÍ(ANTIOQUIA)                                                                                    "
5042,5,"SANTAFÉ DE ANTIOQUIA                                        ","SANTAFÉ DE ANTIOQUIA(ANTIOQUIA)                                                                     "
5044,5,"ANZA                                                        ","ANZA(ANTIOQUIA)                                                                                     "
5045,5,"APARTADÓ                                                    ","APARTADÓ(ANTIOQUIA)                                                                                 "
5051,5,"ARBOLETES                                                   ","ARBOLETES(ANTIOQUIA)                                                                                "
5055,5,"ARGELIA                                                     ","ARGELIA(ANTIOQUIA)                                                                                  "
5059,5,"ARMENIA                                                     ","ARMENIA(ANTIOQUIA)                                                                                  "
5079,5,"BARBOSA                                                     ","BARBOSA(ANTIOQUIA)                                                                                  "
5086,5,"BELMIRA                                                     ","BELMIRA(ANTIOQUIA)                                                                                  "
5088,5,"BELLO                                                       ","BELLO(ANTIOQUIA)                                                                                    "
5091,5,"BETANIA                                                     ","BETANIA(ANTIOQUIA)                                                                                  "
5093,5,"BETULIA                                                     ","BETULIA(ANTIOQUIA)                                                                                  "
5101,5,"CIUDAD BOLÍVAR                                              ","CIUDAD BOLÍVAR(ANTIOQUIA)                                                                           "
5107,5,"BRICEÑO                                                     ","BRICEÑO(ANTIOQUIA)                                                                                  "
5113,5,"BURITICÁ                                                    ","BURITICÁ(ANTIOQUIA)                                                                                 "
5120,5,"CÁCERES                                                     ","CÁCERES(ANTIOQUIA)                                                                                  "
5125,5,"CAICEDO                                                     ","CAICEDO(ANTIOQUIA)                                                                                  "
5129,5,"CALDAS                                                      ","CALDAS(ANTIOQUIA)                                                                                   "
5134,5,"CAMPAMENTO                                                  ","CAMPAMENTO(ANTIOQUIA)                                                                               "
5138,5,"CAÑASGORDAS                                                 ","CAÑASGORDAS(ANTIOQUIA)                                                                              "
5142,5,"CARACOLÍ                                                    ","CARACOLÍ(ANTIOQUIA)                                                                                 "
5145,5,"CARAMANTA                                                   ","CARAMANTA(ANTIOQUIA)                                                                                "
5147,5,"CAREPA                                                      ","CAREPA(ANTIOQUIA)                                                                                   "
5148,5,"EL CARMEN DE VIBORAL                                        ","EL CARMEN DE VIBORAL(ANTIOQUIA)                                                                     "
5150,5,"CAROLINA                                                    ","CAROLINA(ANTIOQUIA)                                                                                 "
5154,5,"CAUCASIA                                                    ","CAUCASIA(ANTIOQUIA)                                                                                 "
5172,5,"CHIGORODÓ                                                   ","CHIGORODÓ(ANTIOQUIA)                                                                                "
5190,5,"CISNEROS                                                    ","CISNEROS(ANTIOQUIA)                                                                                 "
5197,5,"COCORNÁ                                                     ","COCORNÁ(ANTIOQUIA)                                                                                  "
5206,5,"CONCEPCIÓN                                                  ","CONCEPCIÓN(ANTIOQUIA)                                                                               "
5209,5,"CONCORDIA                                                   ","CONCORDIA(ANTIOQUIA)                                                                                "
5212,5,"COPACABANA                                                  ","COPACABANA(ANTIOQUIA)                                                                               "
5234,5,"DABEIBA                                                     ","DABEIBA(ANTIOQUIA)                                                                                  "
15293,15,"GACHANTIVÁ                                                  ","GACHANTIVÁ(BOYACÁ)                                                                                  "
15296,15,"GAMEZA                                                      ","GAMEZA(BOYACÁ)                                                                                      "
15299,15,"GARAGOA                                                     ","GARAGOA(BOYACÁ)                                                                                     "
15317,15,"GUACAMAYAS                                                  ","GUACAMAYAS(BOYACÁ)                                                                                  "
15322,15,"GUATEQUE                                                    ","GUATEQUE(BOYACÁ)                                                                                    "
15325,15,"GUAYATÁ                                                     ","GUAYATÁ(BOYACÁ)                                                                                     "
15332,15,"GÜICÁN                                                      ","GÜICÁN(BOYACÁ)                                                                                      "
15362,15,"IZA                                                         ","IZA(BOYACÁ)                                                                                         "
15367,15,"JENESANO                                                    ","JENESANO(BOYACÁ)                                                                                    "
15368,15,"JERICÓ                                                      ","JERICÓ(BOYACÁ)                                                                                      "
15377,15,"LABRANZAGRANDE                                              ","LABRANZAGRANDE(BOYACÁ)                                                                              "
15380,15,"LA CAPILLA                                                  ","LA CAPILLA(BOYACÁ)                                                                                  "
15401,15,"LA VICTORIA                                                 ","LA VICTORIA(BOYACÁ)                                                                                 "
15403,15,"LA UVITA                                                    ","LA UVITA(BOYACÁ)                                                                                    "
15407,15,"VILLA DE LEYVA                                              ","VILLA DE LEYVA(BOYACÁ)                                                                              "
15425,15,"MACANAL                                                     ","MACANAL(BOYACÁ)                                                                                     "
15442,15,"MARIPÍ                                                      ","MARIPÍ(BOYACÁ)                                                                                      "
15455,15,"MIRAFLORES                                                  ","MIRAFLORES(BOYACÁ)                                                                                  "
15464,15,"MONGUA                                                      ","MONGUA(BOYACÁ)                                                                                      "
15466,15,"MONGUÍ                                                      ","MONGUÍ(BOYACÁ)                                                                                      "
15469,15,"MONIQUIRÁ                                                   ","MONIQUIRÁ(BOYACÁ)                                                                                   "
15476,15,"MOTAVITA                                                    ","MOTAVITA(BOYACÁ)                                                                                    "
15480,15,"MUZO                                                        ","MUZO(BOYACÁ)                                                                                        "
15491,15,"NOBSA                                                       ","NOBSA(BOYACÁ)                                                                                       "
15494,15,"NUEVO COLÓN                                                 ","NUEVO COLÓN(BOYACÁ)                                                                                 "
15500,15,"OICATÁ                                                      ","OICATÁ(BOYACÁ)                                                                                      "
15507,15,"OTANCHE                                                     ","OTANCHE(BOYACÁ)                                                                                     "
15511,15,"PACHAVITA                                                   ","PACHAVITA(BOYACÁ)                                                                                   "
15514,15,"PÁEZ                                                        ","PÁEZ(BOYACÁ)                                                                                        "
15516,15,"PAIPA                                                       ","PAIPA(BOYACÁ)                                                                                       "
15518,15,"PAJARITO                                                    ","PAJARITO(BOYACÁ)                                                                                    "
15522,15,"PANQUEBA                                                    ","PANQUEBA(BOYACÁ)                                                                                    "
15531,15,"PAUNA                                                       ","PAUNA(BOYACÁ)                                                                                       "
15533,15,"PAYA                                                        ","PAYA(BOYACÁ)                                                                                        "
15537,15,"PAZ DE RÍO                                                  ","PAZ DE RÍO(BOYACÁ)                                                                                  "
15542,15,"PESCA                                                       ","PESCA(BOYACÁ)                                                                                       "
15550,15,"PISBA                                                       ","PISBA(BOYACÁ)                                                                                       "
15572,15,"PUERTO BOYACÁ                                               ","PUERTO BOYACÁ(BOYACÁ)                                                                               "
15580,15,"QUÍPAMA                                                     ","QUÍPAMA(BOYACÁ)                                                                                     "
15599,15,"RAMIRIQUÍ                                                   ","RAMIRIQUÍ(BOYACÁ)                                                                                   "
15600,15,"RÁQUIRA                                                     ","RÁQUIRA(BOYACÁ)                                                                                     "
15621,15,"RONDÓN                                                      ","RONDÓN(BOYACÁ)                                                                                      "
5736,5,"SEGOVIA                                                     ","SEGOVIA(ANTIOQUIA)                                                                                  "
5756,5,"SONSON                                                      ","SONSON(ANTIOQUIA)                                                                                   "
5761,5,"SOPETRÁN                                                    ","SOPETRÁN(ANTIOQUIA)                                                                                 "
5789,5,"TÁMESIS                                                     ","TÁMESIS(ANTIOQUIA)                                                                                  "
5790,5,"TARAZÁ                                                      ","TARAZÁ(ANTIOQUIA)                                                                                   "
5792,5,"TARSO                                                       ","TARSO(ANTIOQUIA)                                                                                    "
5809,5,"TITIRIBÍ                                                    ","TITIRIBÍ(ANTIOQUIA)                                                                                 "
5819,5,"TOLEDO                                                      ","TOLEDO(ANTIOQUIA)                                                                                   "
5837,5,"TURBO                                                       ","TURBO(ANTIOQUIA)                                                                                    "
5842,5,"URAMITA                                                     ","URAMITA(ANTIOQUIA)                                                                                  "
5847,5,"URRAO                                                       ","URRAO(ANTIOQUIA)                                                                                    "
5854,5,"VALDIVIA                                                    ","VALDIVIA(ANTIOQUIA)                                                                                 "
5856,5,"VALPARAÍSO                                                  ","VALPARAÍSO(ANTIOQUIA)                                                                               "
5858,5,"VEGACHÍ                                                     ","VEGACHÍ(ANTIOQUIA)                                                                                  "
5861,5,"VENECIA                                                     ","VENECIA(ANTIOQUIA)                                                                                  "
5873,5,"VIGÍA DEL FUERTE                                            ","VIGÍA DEL FUERTE(ANTIOQUIA)                                                                         "
5885,5,"YALÍ                                                        ","YALÍ(ANTIOQUIA)                                                                                     "
5887,5,"YARUMAL                                                     ","YARUMAL(ANTIOQUIA)                                                                                  "
5890,5,"YOLOMBÓ                                                     ","YOLOMBÓ(ANTIOQUIA)                                                                                  "
5893,5,"YONDÓ                                                       ","YONDÓ(ANTIOQUIA)                                                                                    "
5895,5,"ZARAGOZA                                                    ","ZARAGOZA(ANTIOQUIA)                                                                                 "
8001,8,"BARRANQUILLA                                                ","BARRANQUILLA(ATLÁNTICO)                                                                             "
8078,8,"BARANOA                                                     ","BARANOA(ATLÁNTICO)                                                                                  "
8137,8,"CAMPO DE LA CRUZ                                            ","CAMPO DE LA CRUZ(ATLÁNTICO)                                                                         "
8141,8,"CANDELARIA                                                  ","CANDELARIA(ATLÁNTICO)                                                                               "
8296,8,"GALAPA                                                      ","GALAPA(ATLÁNTICO)                                                                                   "
8372,8,"JUAN DE ACOSTA                                              ","JUAN DE ACOSTA(ATLÁNTICO)                                                                           "
8421,8,"LURUACO                                                     ","LURUACO(ATLÁNTICO)                                                                                  "
8433,8,"MALAMBO                                                     ","MALAMBO(ATLÁNTICO)                                                                                  "
8436,8,"MANATÍ                                                      ","MANATÍ(ATLÁNTICO)                                                                                   "
8520,8,"PALMAR DE VARELA                                            ","PALMAR DE VARELA(ATLÁNTICO)                                                                         "
8549,8,"PIOJÓ                                                       ","PIOJÓ(ATLÁNTICO)                                                                                    "
8558,8,"POLONUEVO                                                   ","POLONUEVO(ATLÁNTICO)                                                                                "
8560,8,"PONEDERA                                                    ","PONEDERA(ATLÁNTICO)                                                                                 "
8573,8,"PUERTO COLOMBIA                                             ","PUERTO COLOMBIA(ATLÁNTICO)                                                                          "
8606,8,"REPELÓN                                                     ","REPELÓN(ATLÁNTICO)                                                                                  "
8634,8,"SABANAGRANDE                                                ","SABANAGRANDE(ATLÁNTICO)                                                                             "
8638,8,"SABANALARGA                                                 ","SABANALARGA(ATLÁNTICO)                                                                              "
8675,8,"SANTA LUCÍA                                                 ","SANTA LUCÍA(ATLÁNTICO)                                                                              "
8685,8,"SANTO TOMÁS                                                 ","SANTO TOMÁS(ATLÁNTICO)                                                                              "
8758,8,"SOLEDAD                                                     ","SOLEDAD(ATLÁNTICO)                                                                                  "
8770,8,"SUAN                                                        ","SUAN(ATLÁNTICO)                                                                                     "
8832,8,"TUBARÁ                                                      ","TUBARÁ(ATLÁNTICO)                                                                                   "
8849,8,"USIACURÍ                                                    ","USIACURÍ(ATLÁNTICO)                                                                                 "
11001,11,"BOGOTÁ                                                      ","BOGOTÁ(BOGOTÁ D.C)                                                                                  "
13001,13,"CARTAGENA                                                   ","CARTAGENA(BOLÍVAR)                                                                                  "
13006,13,"ACHÍ                                                        ","ACHÍ(BOLÍVAR)                                                                                       "
13030,13,"ALTOS DEL ROSARIO                                           ","ALTOS DEL ROSARIO(BOLÍVAR)                                                                          "
13042,13,"ARENAL                                                      ","ARENAL(BOLÍVAR)                                                                                     "
13052,13,"ARJONA                                                      ","ARJONA(BOLÍVAR)                                                                                     "
13062,13,"ARROYOHONDO                                                 ","ARROYOHONDO(BOLÍVAR)                                                                                "
13074,13,"BARRANCO DE LOBA                                            ","BARRANCO DE LOBA(BOLÍVAR)                                                                           "
13140,13,"CALAMAR                                                     ","CALAMAR(BOLÍVAR)                                                                                    "
13160,13,"CANTAGALLO                                                  ","CANTAGALLO(BOLÍVAR)                                                                                 "
13188,13,"CICUCO                                                      ","CICUCO(BOLÍVAR)                                                                                     "
13212,13,"CÓRDOBA                                                     ","CÓRDOBA(BOLÍVAR)                                                                                    "
13222,13,"CLEMENCIA                                                   ","CLEMENCIA(BOLÍVAR)                                                                                  "
13244,13,"EL CARMEN DE BOLÍVAR                                        ","EL CARMEN DE BOLÍVAR(BOLÍVAR)                                                                       "
13248,13,"EL GUAMO                                                    ","EL GUAMO(BOLÍVAR)                                                                                   "
13268,13,"EL PEÑÓN                                                    ","EL PEÑÓN(BOLÍVAR)                                                                                   "
13300,13,"HATILLO DE LOBA                                             ","HATILLO DE LOBA(BOLÍVAR)                                                                            "
13430,13,"MAGANGUÉ                                                    ","MAGANGUÉ(BOLÍVAR)                                                                                   "
13433,13,"MAHATES                                                     ","MAHATES(BOLÍVAR)                                                                                    "
13440,13,"MARGARITA                                                   ","MARGARITA(BOLÍVAR)                                                                                  "
13442,13,"MARÍA LA BAJA                                               ","MARÍA LA BAJA(BOLÍVAR)                                                                              "
13458,13,"MONTECRISTO                                                 ","MONTECRISTO(BOLÍVAR)                                                                                "
13468,13,"MOMPÓS                                                      ","MOMPÓS(BOLÍVAR)                                                                                     "
13473,13,"MORALES                                                     ","MORALES(BOLÍVAR)                                                                                    "
13549,13,"PINILLOS                                                    ","PINILLOS(BOLÍVAR)                                                                                   "
13580,13,"REGIDOR                                                     ","REGIDOR(BOLÍVAR)                                                                                    "
13600,13,"RÍO VIEJO                                                   ","RÍO VIEJO(BOLÍVAR)                                                                                  "
13620,13,"SAN CRISTÓBAL                                               ","SAN CRISTÓBAL(BOLÍVAR)                                                                              "
13647,13,"SAN ESTANISLAO                                              ","SAN ESTANISLAO(BOLÍVAR)                                                                             "
13650,13,"SAN FERNANDO                                                ","SAN FERNANDO(BOLÍVAR)                                                                               "
13654,13,"SAN JACINTO                                                 ","SAN JACINTO(BOLÍVAR)                                                                                "
13655,13,"SAN JACINTO DEL CAUCA                                       ","SAN JACINTO DEL CAUCA(BOLÍVAR)                                                                      "
13657,13,"SAN JUAN NEPOMUCENO                                         ","SAN JUAN NEPOMUCENO(BOLÍVAR)                                                                        "
13667,13,"SAN MARTÍN DE LOBA                                          ","SAN MARTÍN DE LOBA(BOLÍVAR)                                                                         "
13670,13,"SAN PABLO                                                   ","SAN PABLO(BOLÍVAR)                                                                                  "
13673,13,"SANTA CATALINA                                              ","SANTA CATALINA(BOLÍVAR)                                                                             "
13683,13,"SANTA ROSA                                                  ","SANTA ROSA(BOLÍVAR)                                                                                 "
13688,13,"SANTA ROSA DEL SUR                                          ","SANTA ROSA DEL SUR(BOLÍVAR)                                                                         "
13744,13,"SIMITÍ                                                      ","SIMITÍ(BOLÍVAR)                                                                                     "
13760,13,"SOPLAVIENTO                                                 ","SOPLAVIENTO(BOLÍVAR)                                                                                "
13780,13,"TALAIGUA NUEVO                                              ","TALAIGUA NUEVO(BOLÍVAR)                                                                             "
13810,13,"TIQUISIO                                                    ","TIQUISIO(BOLÍVAR)                                                                                   "
13836,13,"TURBACO                                                     ","TURBACO(BOLÍVAR)                                                                                    "
13838,13,"TURBANÁ                                                     ","TURBANÁ(BOLÍVAR)                                                                                    "
13873,13,"VILLANUEVA                                                  ","VILLANUEVA(BOLÍVAR)                                                                                 "
13894,13,"ZAMBRANO                                                    ","ZAMBRANO(BOLÍVAR)                                                                                   "
15001,15,"TUNJA                                                       ","TUNJA(BOYACÁ)                                                                                       "
15022,15,"ALMEIDA                                                     ","ALMEIDA(BOYACÁ)                                                                                     "
15047,15,"AQUITANIA                                                   ","AQUITANIA(BOYACÁ)                                                                                   "
15051,15,"ARCABUCO                                                    ","ARCABUCO(BOYACÁ)                                                                                    "
15087,15,"BELÉN                                                       ","BELÉN(BOYACÁ)                                                                                       "
15090,15,"BERBEO                                                      ","BERBEO(BOYACÁ)                                                                                      "
15092,15,"BETÉITIVA                                                   ","BETÉITIVA(BOYACÁ)                                                                                   "
15097,15,"BOAVITA                                                     ","BOAVITA(BOYACÁ)                                                                                     "
15104,15,"BOYACÁ                                                      ","BOYACÁ(BOYACÁ)                                                                                      "
15106,15,"BRICEÑO                                                     ","BRICEÑO(BOYACÁ)                                                                                     "
15109,15,"BUENAVISTA                                                  ","BUENAVISTA(BOYACÁ)                                                                                  "
15114,15,"BUSBANZÁ                                                    ","BUSBANZÁ(BOYACÁ)                                                                                    "
15131,15,"CALDAS                                                      ","CALDAS(BOYACÁ)                                                                                      "
15135,15,"CAMPOHERMOSO                                                ","CAMPOHERMOSO(BOYACÁ)                                                                                "
15162,15,"CERINZA                                                     ","CERINZA(BOYACÁ)                                                                                     "
15172,15,"CHINAVITA                                                   ","CHINAVITA(BOYACÁ)                                                                                   "
15176,15,"CHIQUINQUIRÁ                                                ","CHIQUINQUIRÁ(BOYACÁ)                                                                                "
15180,15,"CHISCAS                                                     ","CHISCAS(BOYACÁ)                                                                                     "
15183,15,"CHITA                                                       ","CHITA(BOYACÁ)                                                                                       "
15185,15,"CHITARAQUE                                                  ","CHITARAQUE(BOYACÁ)                                                                                  "
15187,15,"CHIVATÁ                                                     ","CHIVATÁ(BOYACÁ)                                                                                     "
15189,15,"CIÉNEGA                                                     ","CIÉNEGA(BOYACÁ)                                                                                     "
15204,15,"CÓMBITA                                                     ","CÓMBITA(BOYACÁ)                                                                                     "
15212,15,"COPER                                                       ","COPER(BOYACÁ)                                                                                       "
15215,15,"CORRALES                                                    ","CORRALES(BOYACÁ)                                                                                    "
15218,15,"COVARACHÍA                                                  ","COVARACHÍA(BOYACÁ)                                                                                  "
15223,15,"CUBARÁ                                                      ","CUBARÁ(BOYACÁ)                                                                                      "
15224,15,"CUCAITA                                                     ","CUCAITA(BOYACÁ)                                                                                     "
15226,15,"CUÍTIVA                                                     ","CUÍTIVA(BOYACÁ)                                                                                     "
15232,15,"CHÍQUIZA                                                    ","CHÍQUIZA(BOYACÁ)                                                                                    "
15236,15,"CHIVOR                                                      ","CHIVOR(BOYACÁ)                                                                                      "
15238,15,"DUITAMA                                                     ","DUITAMA(BOYACÁ)                                                                                     "
15244,15,"EL COCUY                                                    ","EL COCUY(BOYACÁ)                                                                                    "
15248,15,"EL ESPINO                                                   ","EL ESPINO(BOYACÁ)                                                                                   "
15272,15,"FIRAVITOBA                                                  ","FIRAVITOBA(BOYACÁ)                                                                                  "
15276,15,"FLORESTA                                                    ","FLORESTA(BOYACÁ)                                                                                    "
18753,18,"SAN VICENTE DEL CAGUÁN                                      ","SAN VICENTE DEL CAGUÁN(CAQUETÁ)                                                                     "
18756,18,"SOLANO                                                      ","SOLANO(CAQUETÁ)                                                                                     "
18785,18,"SOLITA                                                      ","SOLITA(CAQUETÁ)                                                                                     "
18860,18,"VALPARAÍSO                                                  ","VALPARAÍSO(CAQUETÁ)                                                                                 "
19001,19,"POPAYÁN                                                     ","POPAYÁN(CAUCA)                                                                                      "
19022,19,"ALMAGUER                                                    ","ALMAGUER(CAUCA)                                                                                     "
19050,19,"ARGELIA                                                     ","ARGELIA(CAUCA)                                                                                      "
19075,19,"BALBOA                                                      ","BALBOA(CAUCA)                                                                                       "
19100,19,"BOLÍVAR                                                     ","BOLÍVAR(CAUCA)                                                                                      "
19110,19,"BUENOS AIRES                                                ","BUENOS AIRES(CAUCA)                                                                                 "
19130,19,"CAJIBÍO                                                     ","CAJIBÍO(CAUCA)                                                                                      "
19137,19,"CALDONO                                                     ","CALDONO(CAUCA)                                                                                      "
19142,19,"CALOTO                                                      ","CALOTO(CAUCA)                                                                                       "
19212,19,"CORINTO                                                     ","CORINTO(CAUCA)                                                                                      "
19256,19,"EL TAMBO                                                    ","EL TAMBO(CAUCA)                                                                                     "
19290,19,"FLORENCIA                                                   ","FLORENCIA(CAUCA)                                                                                    "
19318,19,"GUAPI                                                       ","GUAPI(CAUCA)                                                                                        "
19355,19,"INZÁ                                                        ","INZÁ(CAUCA)                                                                                         "
19364,19,"JAMBALÓ                                                     ","JAMBALÓ(CAUCA)                                                                                      "
19392,19,"LA SIERRA                                                   ","LA SIERRA(CAUCA)                                                                                    "
19397,19,"LA VEGA                                                     ","LA VEGA(CAUCA)                                                                                      "
19418,19,"LÓPEZ                                                       ","LÓPEZ(CAUCA)                                                                                        "
19450,19,"MERCADERES                                                  ","MERCADERES(CAUCA)                                                                                   "
19455,19,"MIRANDA                                                     ","MIRANDA(CAUCA)                                                                                      "
19473,19,"MORALES                                                     ","MORALES(CAUCA)                                                                                      "
19513,19,"PADILLA                                                     ","PADILLA(CAUCA)                                                                                      "
19517,19,"PAEZ                                                        ","PAEZ(CAUCA)                                                                                         "
19532,19,"PATÍA                                                       ","PATÍA(CAUCA)                                                                                        "
19533,19,"PIAMONTE                                                    ","PIAMONTE(CAUCA)                                                                                     "
19548,19,"PIENDAMÓ                                                    ","PIENDAMÓ(CAUCA)                                                                                     "
19573,19,"PUERTO TEJADA                                               ","PUERTO TEJADA(CAUCA)                                                                                "
19585,19,"PURACÉ                                                      ","PURACÉ(CAUCA)                                                                                       "
19622,19,"ROSAS                                                       ","ROSAS(CAUCA)                                                                                        "
19693,19,"SAN SEBASTIÁN                                               ","SAN SEBASTIÁN(CAUCA)                                                                                "
19698,19,"SANTANDER DE QUILICHAO                                      ","SANTANDER DE QUILICHAO(CAUCA)                                                                       "
19701,19,"SANTA ROSA                                                  ","SANTA ROSA(CAUCA)                                                                                   "
19743,19,"SILVIA                                                      ","SILVIA(CAUCA)                                                                                       "
19760,19,"SOTARA                                                      ","SOTARA(CAUCA)                                                                                       "
19780,19,"SUÁREZ                                                      ","SUÁREZ(CAUCA)                                                                                       "
19785,19,"SUCRE                                                       ","SUCRE(CAUCA)                                                                                        "
19807,19,"TIMBÍO                                                      ","TIMBÍO(CAUCA)                                                                                       "
19809,19,"TIMBIQUÍ                                                    ","TIMBIQUÍ(CAUCA)                                                                                     "
19821,19,"TORIBIO                                                     ","TORIBIO(CAUCA)                                                                                      "
19824,19,"TOTORÓ                                                      ","TOTORÓ(CAUCA)                                                                                       "
19845,19,"VILLA RICA                                                  ","VILLA RICA(CAUCA)                                                                                   "
20001,20,"VALLEDUPAR                                                  ","VALLEDUPAR(CESAR)                                                                                   "
20011,20,"AGUACHICA                                                   ","AGUACHICA(CESAR)                                                                                    "
20013,20,"AGUSTÍN CODAZZI                                             ","AGUSTÍN CODAZZI(CESAR)                                                                              "
20032,20,"ASTREA                                                      ","ASTREA(CESAR)                                                                                       "
20045,20,"BECERRIL                                                    ","BECERRIL(CESAR)                                                                                     "
20060,20,"BOSCONIA                                                    ","BOSCONIA(CESAR)                                                                                     "
20175,20,"CHIMICHAGUA                                                 ","CHIMICHAGUA(CESAR)                                                                                  "
20178,20,"CHIRIGUANÁ                                                  ","CHIRIGUANÁ(CESAR)                                                                                   "
20228,20,"CURUMANÍ                                                    ","CURUMANÍ(CESAR)                                                                                     "
20238,20,"EL COPEY                                                    ","EL COPEY(CESAR)                                                                                     "
20250,20,"EL PASO                                                     ","EL PASO(CESAR)                                                                                      "
20295,20,"GAMARRA                                                     ","GAMARRA(CESAR)                                                                                      "
20310,20,"GONZÁLEZ                                                    ","GONZÁLEZ(CESAR)                                                                                     "
20383,20,"LA GLORIA                                                   ","LA GLORIA(CESAR)                                                                                    "
20400,20,"LA JAGUA DE IBIRICO                                         ","LA JAGUA DE IBIRICO(CESAR)                                                                          "
20443,20,"MANAURE                                                     ","MANAURE(CESAR)                                                                                      "
20517,20,"PAILITAS                                                    ","PAILITAS(CESAR)                                                                                     "
20550,20,"PELAYA                                                      ","PELAYA(CESAR)                                                                                       "
15632,15,"SABOYÁ                                                      ","SABOYÁ(BOYACÁ)                                                                                      "
15638,15,"SÁCHICA                                                     ","SÁCHICA(BOYACÁ)                                                                                     "
15646,15,"SAMACÁ                                                      ","SAMACÁ(BOYACÁ)                                                                                      "
15660,15,"SAN EDUARDO                                                 ","SAN EDUARDO(BOYACÁ)                                                                                 "
15664,15,"SAN JOSÉ DE PARE                                            ","SAN JOSÉ DE PARE(BOYACÁ)                                                                            "
15667,15,"SAN LUIS DE GACENO                                          ","SAN LUIS DE GACENO(BOYACÁ)                                                                          "
15673,15,"SAN MATEO                                                   ","SAN MATEO(BOYACÁ)                                                                                   "
15676,15,"SAN MIGUEL DE SEMA                                          ","SAN MIGUEL DE SEMA(BOYACÁ)                                                                          "
15681,15,"SAN PABLO DE BORBUR                                         ","SAN PABLO DE BORBUR(BOYACÁ)                                                                         "
15686,15,"SANTANA                                                     ","SANTANA(BOYACÁ)                                                                                     "
15690,15,"SANTA MARÍA                                                 ","SANTA MARÍA(BOYACÁ)                                                                                 "
15693,15,"SANTA ROSA DE VITERBO                                       ","SANTA ROSA DE VITERBO(BOYACÁ)                                                                       "
15696,15,"SANTA SOFÍA                                                 ","SANTA SOFÍA(BOYACÁ)                                                                                 "
15720,15,"SATIVANORTE                                                 ","SATIVANORTE(BOYACÁ)                                                                                 "
15723,15,"SATIVASUR                                                   ","SATIVASUR(BOYACÁ)                                                                                   "
15740,15,"SIACHOQUE                                                   ","SIACHOQUE(BOYACÁ)                                                                                   "
15753,15,"SOATÁ                                                       ","SOATÁ(BOYACÁ)                                                                                       "
15755,15,"SOCOTÁ                                                      ","SOCOTÁ(BOYACÁ)                                                                                      "
15757,15,"SOCHA                                                       ","SOCHA(BOYACÁ)                                                                                       "
15759,15,"SOGAMOSO                                                    ","SOGAMOSO(BOYACÁ)                                                                                    "
15761,15,"SOMONDOCO                                                   ","SOMONDOCO(BOYACÁ)                                                                                   "
15762,15,"SORA                                                        ","SORA(BOYACÁ)                                                                                        "
15763,15,"SOTAQUIRÁ                                                   ","SOTAQUIRÁ(BOYACÁ)                                                                                   "
15764,15,"SORACÁ                                                      ","SORACÁ(BOYACÁ)                                                                                      "
15774,15,"SUSACÓN                                                     ","SUSACÓN(BOYACÁ)                                                                                     "
15776,15,"SUTAMARCHÁN                                                 ","SUTAMARCHÁN(BOYACÁ)                                                                                 "
15778,15,"SUTATENZA                                                   ","SUTATENZA(BOYACÁ)                                                                                   "
15790,15,"TASCO                                                       ","TASCO(BOYACÁ)                                                                                       "
15798,15,"TENZA                                                       ","TENZA(BOYACÁ)                                                                                       "
15804,15,"TIBANÁ                                                      ","TIBANÁ(BOYACÁ)                                                                                      "
15806,15,"TIBASOSA                                                    ","TIBASOSA(BOYACÁ)                                                                                    "
15808,15,"TINJACÁ                                                     ","TINJACÁ(BOYACÁ)                                                                                     "
15810,15,"TIPACOQUE                                                   ","TIPACOQUE(BOYACÁ)                                                                                   "
15814,15,"TOCA                                                        ","TOCA(BOYACÁ)                                                                                        "
15816,15,"TOGÜÍ                                                       ","TOGÜÍ(BOYACÁ)                                                                                       "
15820,15,"TÓPAGA                                                      ","TÓPAGA(BOYACÁ)                                                                                      "
15822,15,"TOTA                                                        ","TOTA(BOYACÁ)                                                                                        "
15832,15,"TUNUNGUÁ                                                    ","TUNUNGUÁ(BOYACÁ)                                                                                    "
15835,15,"TURMEQUÉ                                                    ","TURMEQUÉ(BOYACÁ)                                                                                    "
15837,15,"TUTA                                                        ","TUTA(BOYACÁ)                                                                                        "
15839,15,"TUTAZÁ                                                      ","TUTAZÁ(BOYACÁ)                                                                                      "
15842,15,"UMBITA                                                      ","UMBITA(BOYACÁ)                                                                                      "
15861,15,"VENTAQUEMADA                                                ","VENTAQUEMADA(BOYACÁ)                                                                                "
15879,15,"VIRACACHÁ                                                   ","VIRACACHÁ(BOYACÁ)                                                                                   "
15897,15,"ZETAQUIRA                                                   ","ZETAQUIRA(BOYACÁ)                                                                                   "
17001,17,"MANIZALES                                                   ","MANIZALES(CALDAS)                                                                                   "
17013,17,"AGUADAS                                                     ","AGUADAS(CALDAS)                                                                                     "
17042,17,"ANSERMA                                                     ","ANSERMA(CALDAS)                                                                                     "
17050,17,"ARANZAZU                                                    ","ARANZAZU(CALDAS)                                                                                    "
17088,17,"BELALCÁZAR                                                  ","BELALCÁZAR(CALDAS)                                                                                  "
17174,17,"CHINCHINÁ                                                   ","CHINCHINÁ(CALDAS)                                                                                   "
17272,17,"FILADELFIA                                                  ","FILADELFIA(CALDAS)                                                                                  "
17380,17,"LA DORADA                                                   ","LA DORADA(CALDAS)                                                                                   "
17388,17,"LA MERCED                                                   ","LA MERCED(CALDAS)                                                                                   "
17433,17,"MANZANARES                                                  ","MANZANARES(CALDAS)                                                                                  "
17442,17,"MARMATO                                                     ","MARMATO(CALDAS)                                                                                     "
17444,17,"MARQUETALIA                                                 ","MARQUETALIA(CALDAS)                                                                                 "
17446,17,"MARULANDA                                                   ","MARULANDA(CALDAS)                                                                                   "
17486,17,"NEIRA                                                       ","NEIRA(CALDAS)                                                                                       "
17495,17,"NORCASIA                                                    ","NORCASIA(CALDAS)                                                                                    "
17513,17,"PÁCORA                                                      ","PÁCORA(CALDAS)                                                                                      "
17524,17,"PALESTINA                                                   ","PALESTINA(CALDAS)                                                                                   "
17541,17,"PENSILVANIA                                                 ","PENSILVANIA(CALDAS)                                                                                 "
17614,17,"RIOSUCIO                                                    ","RIOSUCIO(CALDAS)                                                                                    "
17616,17,"RISARALDA                                                   ","RISARALDA(CALDAS)                                                                                   "
17653,17,"SALAMINA                                                    ","SALAMINA(CALDAS)                                                                                    "
17662,17,"SAMANÁ                                                      ","SAMANÁ(CALDAS)                                                                                      "
17665,17,"SAN JOSÉ                                                    ","SAN JOSÉ(CALDAS)                                                                                    "
17777,17,"SUPÍA                                                       ","SUPÍA(CALDAS)                                                                                       "
17867,17,"VICTORIA                                                    ","VICTORIA(CALDAS)                                                                                    "
17873,17,"VILLAMARÍA                                                  ","VILLAMARÍA(CALDAS)                                                                                  "
17877,17,"VITERBO                                                     ","VITERBO(CALDAS)                                                                                     "
18001,18,"FLORENCIA                                                   ","FLORENCIA(CAQUETÁ)                                                                                  "
18029,18,"ALBANIA                                                     ","ALBANIA(CAQUETÁ)                                                                                    "
18094,18,"BELÉN DE LOS ANDAQUIES                                      ","BELÉN DE LOS ANDAQUIES(CAQUETÁ)                                                                     "
18150,18,"CARTAGENA DEL CHAIRÁ                                        ","CARTAGENA DEL CHAIRÁ(CAQUETÁ)                                                                       "
18205,18,"CURILLO                                                     ","CURILLO(CAQUETÁ)                                                                                    "
18247,18,"EL DONCELLO                                                 ","EL DONCELLO(CAQUETÁ)                                                                                "
18256,18,"EL PAUJIL                                                   ","EL PAUJIL(CAQUETÁ)                                                                                  "
18410,18,"LA MONTAÑITA                                                ","LA MONTAÑITA(CAQUETÁ)                                                                               "
18460,18,"MILÁN                                                       ","MILÁN(CAQUETÁ)                                                                                      "
18479,18,"MORELIA                                                     ","MORELIA(CAQUETÁ)                                                                                    "
18592,18,"PUERTO RICO                                                 ","PUERTO RICO(CAQUETÁ)                                                                                "
18610,18,"SAN JOSÉ DEL FRAGUA                                         ","SAN JOSÉ DEL FRAGUA(CAQUETÁ)                                                                        "
25779,25,"SUSA                                                        ","SUSA(CUNDINAMARCA)                                                                                  "
25781,25,"SUTATAUSA                                                   ","SUTATAUSA(CUNDINAMARCA)                                                                             "
25785,25,"TABIO                                                       ","TABIO(CUNDINAMARCA)                                                                                 "
25793,25,"TAUSA                                                       ","TAUSA(CUNDINAMARCA)                                                                                 "
25797,25,"TENA                                                        ","TENA(CUNDINAMARCA)                                                                                  "
25799,25,"TENJO                                                       ","TENJO(CUNDINAMARCA)                                                                                 "
25805,25,"TIBACUY                                                     ","TIBACUY(CUNDINAMARCA)                                                                               "
25807,25,"TIBIRITA                                                    ","TIBIRITA(CUNDINAMARCA)                                                                              "
25815,25,"TOCAIMA                                                     ","TOCAIMA(CUNDINAMARCA)                                                                               "
25817,25,"TOCANCIPÁ                                                   ","TOCANCIPÁ(CUNDINAMARCA)                                                                             "
25823,25,"TOPAIPÍ                                                     ","TOPAIPÍ(CUNDINAMARCA)                                                                               "
25839,25,"UBALÁ                                                       ","UBALÁ(CUNDINAMARCA)                                                                                 "
25841,25,"UBAQUE                                                      ","UBAQUE(CUNDINAMARCA)                                                                                "
25843,25,"VILLA DE SAN DIEGO DE UBA                                   ","VILLA DE SAN DIEGO DE UBA(CUNDINAMARCA)                                                             "
25845,25,"UNE                                                         ","UNE(CUNDINAMARCA)                                                                                   "
25851,25,"ÚTICA                                                       ","ÚTICA(CUNDINAMARCA)                                                                                 "
25862,25,"VERGARA                                                     ","VERGARA(CUNDINAMARCA)                                                                               "
25867,25,"VIANÍ                                                       ","VIANÍ(CUNDINAMARCA)                                                                                 "
25871,25,"VILLAGÓMEZ                                                  ","VILLAGÓMEZ(CUNDINAMARCA)                                                                            "
25873,25,"VILLAPINZÓN                                                 ","VILLAPINZÓN(CUNDINAMARCA)                                                                           "
25875,25,"VILLETA                                                     ","VILLETA(CUNDINAMARCA)                                                                               "
25878,25,"VIOTÁ                                                       ","VIOTÁ(CUNDINAMARCA)                                                                                 "
25885,25,"YACOPÍ                                                      ","YACOPÍ(CUNDINAMARCA)                                                                                "
25898,25,"ZIPACÓN                                                     ","ZIPACÓN(CUNDINAMARCA)                                                                               "
25899,25,"ZIPAQUIRÁ                                                   ","ZIPAQUIRÁ(CUNDINAMARCA)                                                                             "
27001,27,"QUIBDÓ                                                      ","QUIBDÓ(CHOCÓ)                                                                                       "
27006,27,"ACANDÍ                                                      ","ACANDÍ(CHOCÓ)                                                                                       "
27025,27,"ALTO BAUDO                                                  ","ALTO BAUDO(CHOCÓ)                                                                                   "
27050,27,"ATRATO                                                      ","ATRATO(CHOCÓ)                                                                                       "
27073,27,"BAGADÓ                                                      ","BAGADÓ(CHOCÓ)                                                                                       "
27075,27,"BAHÍA SOLANO                                                ","BAHÍA SOLANO(CHOCÓ)                                                                                 "
27077,27,"BAJO BAUDÓ                                                  ","BAJO BAUDÓ(CHOCÓ)                                                                                   "
27086,27,"BELÉN DE BAJIRÁ                                             ","BELÉN DE BAJIRÁ(CHOCÓ)                                                                              "
27099,27,"BOJAYA                                                      ","BOJAYA(CHOCÓ)                                                                                       "
27135,27,"EL CANTÓN DEL SAN PABLO                                     ","EL CANTÓN DEL SAN PABLO(CHOCÓ)                                                                      "
27150,27,"CARMEN DEL DARIEN                                           ","CARMEN DEL DARIEN(CHOCÓ)                                                                            "
27160,27,"CÉRTEGUI                                                    ","CÉRTEGUI(CHOCÓ)                                                                                     "
27205,27,"CONDOTO                                                     ","CONDOTO(CHOCÓ)                                                                                      "
27245,27,"EL CARMEN DE ATRATO                                         ","EL CARMEN DE ATRATO(CHOCÓ)                                                                          "
27250,27,"EL LITORAL DEL SAN JUAN                                     ","EL LITORAL DEL SAN JUAN(CHOCÓ)                                                                      "
27361,27,"ISTMINA                                                     ","ISTMINA(CHOCÓ)                                                                                      "
27372,27,"JURADÓ                                                      ","JURADÓ(CHOCÓ)                                                                                       "
20570,20,"PUEBLO BELLO                                                ","PUEBLO BELLO(CESAR)                                                                                 "
20614,20,"RÍO DE ORO                                                  ","RÍO DE ORO(CESAR)                                                                                   "
20621,20,"LA PAZ                                                      ","LA PAZ(CESAR)                                                                                       "
20710,20,"SAN ALBERTO                                                 ","SAN ALBERTO(CESAR)                                                                                  "
20750,20,"SAN DIEGO                                                   ","SAN DIEGO(CESAR)                                                                                    "
20770,20,"SAN MARTÍN                                                  ","SAN MARTÍN(CESAR)                                                                                   "
20787,20,"TAMALAMEQUE                                                 ","TAMALAMEQUE(CESAR)                                                                                  "
23001,23,"MONTERÍA                                                    ","MONTERÍA(CÓRDOBA)                                                                                   "
23068,23,"AYAPEL                                                      ","AYAPEL(CÓRDOBA)                                                                                     "
23079,23,"BUENAVISTA                                                  ","BUENAVISTA(CÓRDOBA)                                                                                 "
23090,23,"CANALETE                                                    ","CANALETE(CÓRDOBA)                                                                                   "
23162,23,"CERETÉ                                                      ","CERETÉ(CÓRDOBA)                                                                                     "
23168,23,"CHIMÁ                                                       ","CHIMÁ(CÓRDOBA)                                                                                      "
23182,23,"CHINÚ                                                       ","CHINÚ(CÓRDOBA)                                                                                      "
23189,23,"CIÉNAGA DE ORO                                              ","CIÉNAGA DE ORO(CÓRDOBA)                                                                             "
23300,23,"COTORRA                                                     ","COTORRA(CÓRDOBA)                                                                                    "
23350,23,"LA APARTADA                                                 ","LA APARTADA(CÓRDOBA)                                                                                "
23417,23,"LORICA                                                      ","LORICA(CÓRDOBA)                                                                                     "
23419,23,"LOS CÓRDOBAS                                                ","LOS CÓRDOBAS(CÓRDOBA)                                                                               "
23464,23,"MOMIL                                                       ","MOMIL(CÓRDOBA)                                                                                      "
23466,23,"MONTELÍBANO                                                 ","MONTELÍBANO(CÓRDOBA)                                                                                "
23500,23,"MOÑITOS                                                     ","MOÑITOS(CÓRDOBA)                                                                                    "
23555,23,"PLANETA RICA                                                ","PLANETA RICA(CÓRDOBA)                                                                               "
23570,23,"PUEBLO NUEVO                                                ","PUEBLO NUEVO(CÓRDOBA)                                                                               "
23574,23,"PUERTO ESCONDIDO                                            ","PUERTO ESCONDIDO(CÓRDOBA)                                                                           "
23580,23,"PUERTO LIBERTADOR                                           ","PUERTO LIBERTADOR(CÓRDOBA)                                                                          "
23586,23,"PURÍSIMA                                                    ","PURÍSIMA(CÓRDOBA)                                                                                   "
23660,23,"SAHAGÚN                                                     ","SAHAGÚN(CÓRDOBA)                                                                                    "
23670,23,"SAN ANDRÉS SOTAVENTO                                        ","SAN ANDRÉS SOTAVENTO(CÓRDOBA)                                                                       "
23672,23,"SAN ANTERO                                                  ","SAN ANTERO(CÓRDOBA)                                                                                 "
23675,23,"SAN BERNARDO DEL VIENTO                                     ","SAN BERNARDO DEL VIENTO(CÓRDOBA)                                                                    "
23678,23,"SAN CARLOS                                                  ","SAN CARLOS(CÓRDOBA)                                                                                 "
23686,23,"SAN PELAYO                                                  ","SAN PELAYO(CÓRDOBA)                                                                                 "
23807,23,"TIERRALTA                                                   ","TIERRALTA(CÓRDOBA)                                                                                  "
23855,23,"VALENCIA                                                    ","VALENCIA(CÓRDOBA)                                                                                   "
25001,25,"AGUA DE DIOS                                                ","AGUA DE DIOS(CUNDINAMARCA)                                                                          "
25019,25,"ALBÁN                                                       ","ALBÁN(CUNDINAMARCA)                                                                                 "
25035,25,"ANAPOIMA                                                    ","ANAPOIMA(CUNDINAMARCA)                                                                              "
25040,25,"ANOLAIMA                                                    ","ANOLAIMA(CUNDINAMARCA)                                                                              "
25053,25,"ARBELÁEZ                                                    ","ARBELÁEZ(CUNDINAMARCA)                                                                              "
25086,25,"BELTRÁN                                                     ","BELTRÁN(CUNDINAMARCA)                                                                               "
25095,25,"BITUIMA                                                     ","BITUIMA(CUNDINAMARCA)                                                                               "
25099,25,"BOJACÁ                                                      ","BOJACÁ(CUNDINAMARCA)                                                                                "
25120,25,"CABRERA                                                     ","CABRERA(CUNDINAMARCA)                                                                               "
25123,25,"CACHIPAY                                                    ","CACHIPAY(CUNDINAMARCA)                                                                              "
25126,25,"CAJICÁ                                                      ","CAJICÁ(CUNDINAMARCA)                                                                                "
25148,25,"CAPARRAPÍ                                                   ","CAPARRAPÍ(CUNDINAMARCA)                                                                             "
25151,25,"CAQUEZA                                                     ","CAQUEZA(CUNDINAMARCA)                                                                               "
25154,25,"CARMEN DE CARUPA                                            ","CARMEN DE CARUPA(CUNDINAMARCA)                                                                      "
25168,25,"CHAGUANÍ                                                    ","CHAGUANÍ(CUNDINAMARCA)                                                                              "
25175,25,"CHÍA                                                        ","CHÍA(CUNDINAMARCA)                                                                                  "
25178,25,"CHIPAQUE                                                    ","CHIPAQUE(CUNDINAMARCA)                                                                              "
25181,25,"CHOACHÍ                                                     ","CHOACHÍ(CUNDINAMARCA)                                                                               "
25183,25,"CHOCONTÁ                                                    ","CHOCONTÁ(CUNDINAMARCA)                                                                              "
25200,25,"COGUA                                                       ","COGUA(CUNDINAMARCA)                                                                                 "
25214,25,"COTA                                                        ","COTA(CUNDINAMARCA)                                                                                  "
25224,25,"CUCUNUBÁ                                                    ","CUCUNUBÁ(CUNDINAMARCA)                                                                              "
25245,25,"EL COLEGIO                                                  ","EL COLEGIO(CUNDINAMARCA)                                                                            "
25258,25,"EL PEÑÓN                                                    ","EL PEÑÓN(CUNDINAMARCA)                                                                              "
25260,25,"EL ROSAL                                                    ","EL ROSAL(CUNDINAMARCA)                                                                              "
25269,25,"FACATATIVÁ                                                  ","FACATATIVÁ(CUNDINAMARCA)                                                                            "
25279,25,"FOMEQUE                                                     ","FOMEQUE(CUNDINAMARCA)                                                                               "
25281,25,"FOSCA                                                       ","FOSCA(CUNDINAMARCA)                                                                                 "
25286,25,"FUNZA                                                       ","FUNZA(CUNDINAMARCA)                                                                                 "
25288,25,"FÚQUENE                                                     ","FÚQUENE(CUNDINAMARCA)                                                                               "
25290,25,"FUSAGASUGÁ                                                  ","FUSAGASUGÁ(CUNDINAMARCA)                                                                            "
25293,25,"GACHALA                                                     ","GACHALA(CUNDINAMARCA)                                                                               "
25295,25,"GACHANCIPÁ                                                  ","GACHANCIPÁ(CUNDINAMARCA)                                                                            "
25297,25,"GACHETÁ                                                     ","GACHETÁ(CUNDINAMARCA)                                                                               "
25299,25,"GAMA                                                        ","GAMA(CUNDINAMARCA)                                                                                  "
25307,25,"GIRARDOT                                                    ","GIRARDOT(CUNDINAMARCA)                                                                              "
25312,25,"GRANADA                                                     ","GRANADA(CUNDINAMARCA)                                                                               "
25317,25,"GUACHETÁ                                                    ","GUACHETÁ(CUNDINAMARCA)                                                                              "
25320,25,"GUADUAS                                                     ","GUADUAS(CUNDINAMARCA)                                                                               "
25322,25,"GUASCA                                                      ","GUASCA(CUNDINAMARCA)                                                                                "
25324,25,"GUATAQUÍ                                                    ","GUATAQUÍ(CUNDINAMARCA)                                                                              "
25326,25,"GUATAVITA                                                   ","GUATAVITA(CUNDINAMARCA)                                                                             "
25328,25,"GUAYABAL DE SIQUIMA                                         ","GUAYABAL DE SIQUIMA(CUNDINAMARCA)                                                                   "
25335,25,"GUAYABETAL                                                  ","GUAYABETAL(CUNDINAMARCA)                                                                            "
25339,25,"GUTIÉRREZ                                                   ","GUTIÉRREZ(CUNDINAMARCA)                                                                             "
25368,25,"JERUSALÉN                                                   ","JERUSALÉN(CUNDINAMARCA)                                                                             "
25372,25,"JUNÍN                                                       ","JUNÍN(CUNDINAMARCA)                                                                                 "
25377,25,"LA CALERA                                                   ","LA CALERA(CUNDINAMARCA)                                                                             "
25386,25,"LA MESA                                                     ","LA MESA(CUNDINAMARCA)                                                                               "
25394,25,"LA PALMA                                                    ","LA PALMA(CUNDINAMARCA)                                                                              "
25398,25,"LA PEÑA                                                     ","LA PEÑA(CUNDINAMARCA)                                                                               "
25402,25,"LA VEGA                                                     ","LA VEGA(CUNDINAMARCA)                                                                               "
25407,25,"LENGUAZAQUE                                                 ","LENGUAZAQUE(CUNDINAMARCA)                                                                           "
25426,25,"MACHETA                                                     ","MACHETA(CUNDINAMARCA)                                                                               "
25430,25,"MADRID                                                      ","MADRID(CUNDINAMARCA)                                                                                "
25436,25,"MANTA                                                       ","MANTA(CUNDINAMARCA)                                                                                 "
25438,25,"MEDINA                                                      ","MEDINA(CUNDINAMARCA)                                                                                "
25473,25,"MOSQUERA                                                    ","MOSQUERA(CUNDINAMARCA)                                                                              "
25483,25,"NARIÑO                                                      ","NARIÑO(CUNDINAMARCA)                                                                                "
25486,25,"NEMOCÓN                                                     ","NEMOCÓN(CUNDINAMARCA)                                                                               "
25488,25,"NILO                                                        ","NILO(CUNDINAMARCA)                                                                                  "
25489,25,"NIMAIMA                                                     ","NIMAIMA(CUNDINAMARCA)                                                                               "
25491,25,"NOCAIMA                                                     ","NOCAIMA(CUNDINAMARCA)                                                                               "
25506,25,"VENECIA                                                     ","VENECIA(CUNDINAMARCA)                                                                               "
25513,25,"PACHO                                                       ","PACHO(CUNDINAMARCA)                                                                                 "
25518,25,"PAIME                                                       ","PAIME(CUNDINAMARCA)                                                                                 "
25524,25,"PANDI                                                       ","PANDI(CUNDINAMARCA)                                                                                 "
25530,25,"PARATEBUENO                                                 ","PARATEBUENO(CUNDINAMARCA)                                                                           "
25535,25,"PASCA                                                       ","PASCA(CUNDINAMARCA)                                                                                 "
25572,25,"PUERTO SALGAR                                               ","PUERTO SALGAR(CUNDINAMARCA)                                                                         "
25580,25,"PULÍ                                                        ","PULÍ(CUNDINAMARCA)                                                                                  "
25592,25,"QUEBRADANEGRA                                               ","QUEBRADANEGRA(CUNDINAMARCA)                                                                         "
25594,25,"QUETAME                                                     ","QUETAME(CUNDINAMARCA)                                                                               "
25596,25,"QUIPILE                                                     ","QUIPILE(CUNDINAMARCA)                                                                               "
25599,25,"APULO                                                       ","APULO(CUNDINAMARCA)                                                                                 "
25612,25,"RICAURTE                                                    ","RICAURTE(CUNDINAMARCA)                                                                              "
25645,25,"SAN ANTONIO DEL TEQUENDAMA                                  ","SAN ANTONIO DEL TEQUENDAMA(CUNDINAMARCA)                                                            "
25649,25,"SAN BERNARDO                                                ","SAN BERNARDO(CUNDINAMARCA)                                                                          "
25653,25,"SAN CAYETANO                                                ","SAN CAYETANO(CUNDINAMARCA)                                                                          "
25658,25,"SAN FRANCISCO                                               ","SAN FRANCISCO(CUNDINAMARCA)                                                                         "
25662,25,"SAN JUAN DE RÍO SECO                                        ","SAN JUAN DE RÍO SECO(CUNDINAMARCA)                                                                  "
25718,25,"SASAIMA                                                     ","SASAIMA(CUNDINAMARCA)                                                                               "
25736,25,"SESQUILÉ                                                    ","SESQUILÉ(CUNDINAMARCA)                                                                              "
25740,25,"SIBATÉ                                                      ","SIBATÉ(CUNDINAMARCA)                                                                                "
25743,25,"SILVANIA                                                    ","SILVANIA(CUNDINAMARCA)                                                                              "
25745,25,"SIMIJACA                                                    ","SIMIJACA(CUNDINAMARCA)                                                                              "
25754,25,"SOACHA                                                      ","SOACHA(CUNDINAMARCA)                                                                                "
25758,25,"SOPÓ                                                        ","SOPÓ(CUNDINAMARCA)                                                                                  "
25769,25,"SUBACHOQUE                                                  ","SUBACHOQUE(CUNDINAMARCA)                                                                            "
25772,25,"SUESCA                                                      ","SUESCA(CUNDINAMARCA)                                                                                "
25777,25,"SUPATÁ                                                      ","SUPATÁ(CUNDINAMARCA)                                                                                "
47570,47,"PUEBLOVIEJO                                                 ","PUEBLOVIEJO(MAGDALENA)                                                                              "
47605,47,"REMOLINO                                                    ","REMOLINO(MAGDALENA)                                                                                 "
47660,47,"SABANAS DE SAN ANGEL                                        ","SABANAS DE SAN ANGEL(MAGDALENA)                                                                     "
47675,47,"SALAMINA                                                    ","SALAMINA(MAGDALENA)                                                                                 "
47692,47,"SAN SEBASTIÁN DE BUENAVIS                                   ","SAN SEBASTIÁN DE BUENAVIS(MAGDALENA)                                                                "
47703,47,"SAN ZENÓN                                                   ","SAN ZENÓN(MAGDALENA)                                                                                "
47707,47,"SANTA ANA                                                   ","SANTA ANA(MAGDALENA)                                                                                "
47720,47,"SANTA BÁRBARA DE PINTO                                      ","SANTA BÁRBARA DE PINTO(MAGDALENA)                                                                   "
47745,47,"SITIONUEVO                                                  ","SITIONUEVO(MAGDALENA)                                                                               "
47798,47,"TENERIFE                                                    ","TENERIFE(MAGDALENA)                                                                                 "
47960,47,"ZAPAYÁN                                                     ","ZAPAYÁN(MAGDALENA)                                                                                  "
47980,47,"ZONA BANANERA                                               ","ZONA BANANERA(MAGDALENA)                                                                            "
50001,50,"VILLAVICENCIO                                               ","VILLAVICENCIO(META)                                                                                 "
50006,50,"ACACÍAS                                                     ","ACACÍAS(META)                                                                                       "
50110,50,"BARRANCA DE UPÍA                                            ","BARRANCA DE UPÍA(META)                                                                              "
50124,50,"CABUYARO                                                    ","CABUYARO(META)                                                                                      "
50150,50,"CASTILLA LA NUEVA                                           ","CASTILLA LA NUEVA(META)                                                                             "
50223,50,"CUBARRAL                                                    ","CUBARRAL(META)                                                                                      "
50226,50,"CUMARAL                                                     ","CUMARAL(META)                                                                                       "
50245,50,"EL CALVARIO                                                 ","EL CALVARIO(META)                                                                                   "
50251,50,"EL CASTILLO                                                 ","EL CASTILLO(META)                                                                                   "
50270,50,"EL DORADO                                                   ","EL DORADO(META)                                                                                     "
50287,50,"FUENTE DE ORO                                               ","FUENTE DE ORO(META)                                                                                 "
50313,50,"GRANADA                                                     ","GRANADA(META)                                                                                       "
50318,50,"GUAMAL                                                      ","GUAMAL(META)                                                                                        "
50325,50,"MAPIRIPÁN                                                   ","MAPIRIPÁN(META)                                                                                     "
50330,50,"MESETAS                                                     ","MESETAS(META)                                                                                       "
50350,50,"LA MACARENA                                                 ","LA MACARENA(META)                                                                                   "
50370,50,"URIBE                                                       ","URIBE(META)                                                                                         "
50400,50,"LEJANÍAS                                                    ","LEJANÍAS(META)                                                                                      "
50450,50,"PUERTO CONCORDIA                                            ","PUERTO CONCORDIA(META)                                                                              "
50568,50,"PUERTO GAITÁN                                               ","PUERTO GAITÁN(META)                                                                                 "
50573,50,"PUERTO LÓPEZ                                                ","PUERTO LÓPEZ(META)                                                                                  "
50577,50,"PUERTO LLERAS                                               ","PUERTO LLERAS(META)                                                                                 "
50590,50,"PUERTO RICO                                                 ","PUERTO RICO(META)                                                                                   "
50606,50,"RESTREPO                                                    ","RESTREPO(META)                                                                                      "
50680,50,"SAN CARLOS DE GUAROA                                        ","SAN CARLOS DE GUAROA(META)                                                                          "
50683,50,"SAN JUAN DE ARAMA                                           ","SAN JUAN DE ARAMA(META)                                                                             "
50686,50,"SAN JUANITO                                                 ","SAN JUANITO(META)                                                                                   "
50689,50,"SAN MARTÍN                                                  ","SAN MARTÍN(META)                                                                                    "
50711,50,"VISTAHERMOSA                                                ","VISTAHERMOSA(META)                                                                                  "
52001,52,"PASTO                                                       ","PASTO(NARIÑO)                                                                                       "
52019,52,"ALBÁN                                                       ","ALBÁN(NARIÑO)                                                                                       "
52022,52,"ALDANA                                                      ","ALDANA(NARIÑO)                                                                                      "
52036,52,"ANCUYÁ                                                      ","ANCUYÁ(NARIÑO)                                                                                      "
52051,52,"ARBOLEDA                                                    ","ARBOLEDA(NARIÑO)                                                                                    "
52079,52,"BARBACOAS                                                   ","BARBACOAS(NARIÑO)                                                                                   "
52083,52,"BELÉN                                                       ","BELÉN(NARIÑO)                                                                                       "
52110,52,"BUESACO                                                     ","BUESACO(NARIÑO)                                                                                     "
52203,52,"COLÓN                                                       ","COLÓN(NARIÑO)                                                                                       "
52207,52,"CONSACA                                                     ","CONSACA(NARIÑO)                                                                                     "
52210,52,"CONTADERO                                                   ","CONTADERO(NARIÑO)                                                                                   "
52215,52,"CÓRDOBA                                                     ","CÓRDOBA(NARIÑO)                                                                                     "
52224,52,"CUASPUD                                                     ","CUASPUD(NARIÑO)                                                                                     "
52227,52,"CUMBAL                                                      ","CUMBAL(NARIÑO)                                                                                      "
52233,52,"CUMBITARA                                                   ","CUMBITARA(NARIÑO)                                                                                   "
52240,52,"CHACHAGÜÍ                                                   ","CHACHAGÜÍ(NARIÑO)                                                                                   "
52250,52,"EL CHARCO                                                   ","EL CHARCO(NARIÑO)                                                                                   "
52254,52,"EL PEÑOL                                                    ","EL PEÑOL(NARIÑO)                                                                                    "
52256,52,"EL ROSARIO                                                  ","EL ROSARIO(NARIÑO)                                                                                  "
52258,52,"EL TABLÓN DE GÓMEZ                                          ","EL TABLÓN DE GÓMEZ(NARIÑO)                                                                          "
52260,52,"EL TAMBO                                                    ","EL TAMBO(NARIÑO)                                                                                    "
52287,52,"FUNES                                                       ","FUNES(NARIÑO)                                                                                       "
27413,27,"LLORÓ                                                       ","LLORÓ(CHOCÓ)                                                                                        "
27425,27,"MEDIO ATRATO                                                ","MEDIO ATRATO(CHOCÓ)                                                                                 "
27430,27,"MEDIO BAUDÓ                                                 ","MEDIO BAUDÓ(CHOCÓ)                                                                                  "
27450,27,"MEDIO SAN JUAN                                              ","MEDIO SAN JUAN(CHOCÓ)                                                                               "
27491,27,"NÓVITA                                                      ","NÓVITA(CHOCÓ)                                                                                       "
27495,27,"NUQUÍ                                                       ","NUQUÍ(CHOCÓ)                                                                                        "
27580,27,"RÍO IRO                                                     ","RÍO IRO(CHOCÓ)                                                                                      "
27600,27,"RÍO QUITO                                                   ","RÍO QUITO(CHOCÓ)                                                                                    "
27615,27,"RIOSUCIO                                                    ","RIOSUCIO(CHOCÓ)                                                                                     "
27660,27,"SAN JOSÉ DEL PALMAR                                         ","SAN JOSÉ DEL PALMAR(CHOCÓ)                                                                          "
27745,27,"SIPÍ                                                        ","SIPÍ(CHOCÓ)                                                                                         "
27787,27,"TADÓ                                                        ","TADÓ(CHOCÓ)                                                                                         "
27800,27,"UNGUÍA                                                      ","UNGUÍA(CHOCÓ)                                                                                       "
27810,27,"UNIÓN PANAMERICANA                                          ","UNIÓN PANAMERICANA(CHOCÓ)                                                                           "
41001,41,"NEIVA                                                       ","NEIVA(HUILA)                                                                                        "
41006,41,"ACEVEDO                                                     ","ACEVEDO(HUILA)                                                                                      "
41013,41,"AGRADO                                                      ","AGRADO(HUILA)                                                                                       "
41016,41,"AIPE                                                        ","AIPE(HUILA)                                                                                         "
41020,41,"ALGECIRAS                                                   ","ALGECIRAS(HUILA)                                                                                    "
41026,41,"ALTAMIRA                                                    ","ALTAMIRA(HUILA)                                                                                     "
41078,41,"BARAYA                                                      ","BARAYA(HUILA)                                                                                       "
41132,41,"CAMPOALEGRE                                                 ","CAMPOALEGRE(HUILA)                                                                                  "
41206,41,"COLOMBIA                                                    ","COLOMBIA(HUILA)                                                                                     "
41244,41,"ELÍAS                                                       ","ELÍAS(HUILA)                                                                                        "
41298,41,"GARZÓN                                                      ","GARZÓN(HUILA)                                                                                       "
41306,41,"GIGANTE                                                     ","GIGANTE(HUILA)                                                                                      "
41319,41,"GUADALUPE                                                   ","GUADALUPE(HUILA)                                                                                    "
41349,41,"HOBO                                                        ","HOBO(HUILA)                                                                                         "
41357,41,"IQUIRA                                                      ","IQUIRA(HUILA)                                                                                       "
41359,41,"ISNOS                                                       ","ISNOS(HUILA)                                                                                        "
41378,41,"LA ARGENTINA                                                ","LA ARGENTINA(HUILA)                                                                                 "
41396,41,"LA PLATA                                                    ","LA PLATA(HUILA)                                                                                     "
41483,41,"NÁTAGA                                                      ","NÁTAGA(HUILA)                                                                                       "
41503,41,"OPORAPA                                                     ","OPORAPA(HUILA)                                                                                      "
41518,41,"PAICOL                                                      ","PAICOL(HUILA)                                                                                       "
41524,41,"PALERMO                                                     ","PALERMO(HUILA)                                                                                      "
41530,41,"PALESTINA                                                   ","PALESTINA(HUILA)                                                                                    "
41548,41,"PITAL                                                       ","PITAL(HUILA)                                                                                        "
41551,41,"PITALITO                                                    ","PITALITO(HUILA)                                                                                     "
41615,41,"RIVERA                                                      ","RIVERA(HUILA)                                                                                       "
41660,41,"SALADOBLANCO                                                ","SALADOBLANCO(HUILA)                                                                                 "
41668,41,"SAN AGUSTÍN                                                 ","SAN AGUSTÍN(HUILA)                                                                                  "
41676,41,"SANTA MARÍA                                                 ","SANTA MARÍA(HUILA)                                                                                  "
41770,41,"SUAZA                                                       ","SUAZA(HUILA)                                                                                        "
41791,41,"TARQUI                                                      ","TARQUI(HUILA)                                                                                       "
41797,41,"TESALIA                                                     ","TESALIA(HUILA)                                                                                      "
41799,41,"TELLO                                                       ","TELLO(HUILA)                                                                                        "
41801,41,"TERUEL                                                      ","TERUEL(HUILA)                                                                                       "
41807,41,"TIMANÁ                                                      ","TIMANÁ(HUILA)                                                                                       "
41872,41,"VILLAVIEJA                                                  ","VILLAVIEJA(HUILA)                                                                                   "
41885,41,"YAGUARÁ                                                     ","YAGUARÁ(HUILA)                                                                                      "
44001,44,"RIOHACHA                                                    ","RIOHACHA(LA GUAJIRA)                                                                                "
44035,44,"ALBANIA                                                     ","ALBANIA(LA GUAJIRA)                                                                                 "
44078,44,"BARRANCAS                                                   ","BARRANCAS(LA GUAJIRA)                                                                               "
44090,44,"DIBULLA                                                     ","DIBULLA(LA GUAJIRA)                                                                                 "
44098,44,"DISTRACCIÓN                                                 ","DISTRACCIÓN(LA GUAJIRA)                                                                             "
44110,44,"EL MOLINO                                                   ","EL MOLINO(LA GUAJIRA)                                                                               "
44279,44,"FONSECA                                                     ","FONSECA(LA GUAJIRA)                                                                                 "
44378,44,"HATONUEVO                                                   ","HATONUEVO(LA GUAJIRA)                                                                               "
44420,44,"LA JAGUA DEL PILAR                                          ","LA JAGUA DEL PILAR(LA GUAJIRA)                                                                      "
44430,44,"MAICAO                                                      ","MAICAO(LA GUAJIRA)                                                                                  "
44560,44,"MANAURE                                                     ","MANAURE(LA GUAJIRA)                                                                                 "
44650,44,"SAN JUAN DEL CESAR                                          ","SAN JUAN DEL CESAR(LA GUAJIRA)                                                                      "
44847,44,"URIBIA                                                      ","URIBIA(LA GUAJIRA)                                                                                  "
44855,44,"URUMITA                                                     ","URUMITA(LA GUAJIRA)                                                                                 "
44874,44,"VILLANUEVA                                                  ","VILLANUEVA(LA GUAJIRA)                                                                              "
47001,47,"SANTA MARTA                                                 ","SANTA MARTA(MAGDALENA)                                                                              "
47030,47,"ALGARROBO                                                   ","ALGARROBO(MAGDALENA)                                                                                "
47053,47,"ARACATACA                                                   ","ARACATACA(MAGDALENA)                                                                                "
47058,47,"ARIGUANÍ                                                    ","ARIGUANÍ(MAGDALENA)                                                                                 "
47161,47,"CERRO SAN ANTONIO                                           ","CERRO SAN ANTONIO(MAGDALENA)                                                                        "
47170,47,"CHIBOLO                                                     ","CHIBOLO(MAGDALENA)                                                                                  "
47189,47,"CIÉNAGA                                                     ","CIÉNAGA(MAGDALENA)                                                                                  "
47205,47,"CONCORDIA                                                   ","CONCORDIA(MAGDALENA)                                                                                "
47245,47,"EL BANCO                                                    ","EL BANCO(MAGDALENA)                                                                                 "
47258,47,"EL PIÑON                                                    ","EL PIÑON(MAGDALENA)                                                                                 "
47268,47,"EL RETÉN                                                    ","EL RETÉN(MAGDALENA)                                                                                 "
47288,47,"FUNDACIÓN                                                   ","FUNDACIÓN(MAGDALENA)                                                                                "
47318,47,"GUAMAL                                                      ","GUAMAL(MAGDALENA)                                                                                   "
47460,47,"NUEVA GRANADA                                               ","NUEVA GRANADA(MAGDALENA)                                                                            "
47541,47,"PEDRAZA                                                     ","PEDRAZA(MAGDALENA)                                                                                  "
47545,47,"PIJIÑO DEL CARMEN                                           ","PIJIÑO DEL CARMEN(MAGDALENA)                                                                        "
47551,47,"PIVIJAY                                                     ","PIVIJAY(MAGDALENA)                                                                                  "
47555,47,"PLATO                                                       ","PLATO(MAGDALENA)                                                                                    "
68176,68,"CHIMA                                                       ","CHIMA(SANTANDER)                                                                                    "
68179,68,"CHIPATÁ                                                     ","CHIPATÁ(SANTANDER)                                                                                  "
68190,68,"CIMITARRA                                                   ","CIMITARRA(SANTANDER)                                                                                "
68207,68,"CONCEPCIÓN                                                  ","CONCEPCIÓN(SANTANDER)                                                                               "
68209,68,"CONFINES                                                    ","CONFINES(SANTANDER)                                                                                 "
68211,68,"CONTRATACIÓN                                                ","CONTRATACIÓN(SANTANDER)                                                                             "
68217,68,"COROMORO                                                    ","COROMORO(SANTANDER)                                                                                 "
68229,68,"CURITÍ                                                      ","CURITÍ(SANTANDER)                                                                                   "
68235,68,"EL CARMEN DE CHUCURÍ                                        ","EL CARMEN DE CHUCURÍ(SANTANDER)                                                                     "
68245,68,"EL GUACAMAYO                                                ","EL GUACAMAYO(SANTANDER)                                                                             "
68250,68,"EL PEÑÓN                                                    ","EL PEÑÓN(SANTANDER)                                                                                 "
68255,68,"EL PLAYÓN                                                   ","EL PLAYÓN(SANTANDER)                                                                                "
68264,68,"ENCINO                                                      ","ENCINO(SANTANDER)                                                                                   "
68266,68,"ENCISO                                                      ","ENCISO(SANTANDER)                                                                                   "
68271,68,"FLORIÁN                                                     ","FLORIÁN(SANTANDER)                                                                                  "
68276,68,"FLORIDABLANCA                                               ","FLORIDABLANCA(SANTANDER)                                                                            "
68296,68,"GALÁN                                                       ","GALÁN(SANTANDER)                                                                                    "
68298,68,"GAMBITA                                                     ","GAMBITA(SANTANDER)                                                                                  "
68307,68,"GIRÓN                                                       ","GIRÓN(SANTANDER)                                                                                    "
68318,68,"GUACA                                                       ","GUACA(SANTANDER)                                                                                    "
68320,68,"GUADALUPE                                                   ","GUADALUPE(SANTANDER)                                                                                "
68322,68,"GUAPOTÁ                                                     ","GUAPOTÁ(SANTANDER)                                                                                  "
68324,68,"GUAVATÁ                                                     ","GUAVATÁ(SANTANDER)                                                                                  "
68327,68,"GÜEPSA                                                      ","GÜEPSA(SANTANDER)                                                                                   "
68344,68,"HATO                                                        ","HATO(SANTANDER)                                                                                     "
68368,68,"JESÚS MARÍA                                                 ","JESÚS MARÍA(SANTANDER)                                                                              "
68370,68,"JORDÁN                                                      ","JORDÁN(SANTANDER)                                                                                   "
68377,68,"LA BELLEZA                                                  ","LA BELLEZA(SANTANDER)                                                                               "
68385,68,"LANDÁZURI                                                   ","LANDÁZURI(SANTANDER)                                                                                "
68397,68,"LA PAZ                                                      ","LA PAZ(SANTANDER)                                                                                   "
68406,68,"LEBRÍJA                                                     ","LEBRÍJA(SANTANDER)                                                                                  "
68418,68,"LOS SANTOS                                                  ","LOS SANTOS(SANTANDER)                                                                               "
68425,68,"MACARAVITA                                                  ","MACARAVITA(SANTANDER)                                                                               "
68432,68,"MÁLAGA                                                      ","MÁLAGA(SANTANDER)                                                                                   "
68444,68,"MATANZA                                                     ","MATANZA(SANTANDER)                                                                                  "
68464,68,"MOGOTES                                                     ","MOGOTES(SANTANDER)                                                                                  "
68468,68,"MOLAGAVITA                                                  ","MOLAGAVITA(SANTANDER)                                                                               "
68498,68,"OCAMONTE                                                    ","OCAMONTE(SANTANDER)                                                                                 "
68500,68,"OIBA                                                        ","OIBA(SANTANDER)                                                                                     "
68502,68,"ONZAGA                                                      ","ONZAGA(SANTANDER)                                                                                   "
68522,68,"PALMAR                                                      ","PALMAR(SANTANDER)                                                                                   "
68524,68,"PALMAS DEL SOCORRO                                          ","PALMAS DEL SOCORRO(SANTANDER)                                                                       "
52317,52,"GUACHUCAL                                                   ","GUACHUCAL(NARIÑO)                                                                                   "
52320,52,"GUAITARILLA                                                 ","GUAITARILLA(NARIÑO)                                                                                 "
52323,52,"GUALMATÁN                                                   ","GUALMATÁN(NARIÑO)                                                                                   "
52352,52,"ILES                                                        ","ILES(NARIÑO)                                                                                        "
52354,52,"IMUÉS                                                       ","IMUÉS(NARIÑO)                                                                                       "
52356,52,"IPIALES                                                     ","IPIALES(NARIÑO)                                                                                     "
52378,52,"LA CRUZ                                                     ","LA CRUZ(NARIÑO)                                                                                     "
52381,52,"LA FLORIDA                                                  ","LA FLORIDA(NARIÑO)                                                                                  "
52385,52,"LA LLANADA                                                  ","LA LLANADA(NARIÑO)                                                                                  "
52390,52,"LA TOLA                                                     ","LA TOLA(NARIÑO)                                                                                     "
52399,52,"LA UNIÓN                                                    ","LA UNIÓN(NARIÑO)                                                                                    "
52405,52,"LEIVA                                                       ","LEIVA(NARIÑO)                                                                                       "
52411,52,"LINARES                                                     ","LINARES(NARIÑO)                                                                                     "
52418,52,"LOS ANDES                                                   ","LOS ANDES(NARIÑO)                                                                                   "
52427,52,"MAGÜI                                                       ","MAGÜI(NARIÑO)                                                                                       "
52435,52,"MALLAMA                                                     ","MALLAMA(NARIÑO)                                                                                     "
52473,52,"MOSQUERA                                                    ","MOSQUERA(NARIÑO)                                                                                    "
52480,52,"NARIÑO                                                      ","NARIÑO(NARIÑO)                                                                                      "
52490,52,"OLAYA HERRERA                                               ","OLAYA HERRERA(NARIÑO)                                                                               "
52506,52,"OSPINA                                                      ","OSPINA(NARIÑO)                                                                                      "
52520,52,"FRANCISCO PIZARRO                                           ","FRANCISCO PIZARRO(NARIÑO)                                                                           "
52540,52,"POLICARPA                                                   ","POLICARPA(NARIÑO)                                                                                   "
52560,52,"POTOSÍ                                                      ","POTOSÍ(NARIÑO)                                                                                      "
52565,52,"PROVIDENCIA                                                 ","PROVIDENCIA(NARIÑO)                                                                                 "
52573,52,"PUERRES                                                     ","PUERRES(NARIÑO)                                                                                     "
52585,52,"PUPIALES                                                    ","PUPIALES(NARIÑO)                                                                                    "
52612,52,"RICAURTE                                                    ","RICAURTE(NARIÑO)                                                                                    "
52621,52,"ROBERTO PAYÁN                                               ","ROBERTO PAYÁN(NARIÑO)                                                                               "
52678,52,"SAMANIEGO                                                   ","SAMANIEGO(NARIÑO)                                                                                   "
52683,52,"SANDONÁ                                                     ","SANDONÁ(NARIÑO)                                                                                     "
52685,52,"SAN BERNARDO                                                ","SAN BERNARDO(NARIÑO)                                                                                "
52687,52,"SAN LORENZO                                                 ","SAN LORENZO(NARIÑO)                                                                                 "
52693,52,"SAN PABLO                                                   ","SAN PABLO(NARIÑO)                                                                                   "
52694,52,"SAN PEDRO DE CARTAGO                                        ","SAN PEDRO DE CARTAGO(NARIÑO)                                                                        "
52696,52,"SANTA BÁRBARA                                               ","SANTA BÁRBARA(NARIÑO)                                                                               "
52699,52,"SANTACRUZ                                                   ","SANTACRUZ(NARIÑO)                                                                                   "
52720,52,"SAPUYES                                                     ","SAPUYES(NARIÑO)                                                                                     "
52786,52,"TAMINANGO                                                   ","TAMINANGO(NARIÑO)                                                                                   "
52788,52,"TANGUA                                                      ","TANGUA(NARIÑO)                                                                                      "
52835,52,"TUMACO                                                      ","TUMACO(NARIÑO)                                                                                      "
52838,52,"TÚQUERRES                                                   ","TÚQUERRES(NARIÑO)                                                                                   "
52885,52,"YACUANQUER                                                  ","YACUANQUER(NARIÑO)                                                                                  "
54001,54,"CÚCUTA                                                      ","CÚCUTA(NORTE DE SANTANDER)                                                                          "
54003,54,"ABREGO                                                      ","ABREGO(NORTE DE SANTANDER)                                                                          "
54051,54,"ARBOLEDAS                                                   ","ARBOLEDAS(NORTE DE SANTANDER)                                                                       "
54099,54,"BOCHALEMA                                                   ","BOCHALEMA(NORTE DE SANTANDER)                                                                       "
54109,54,"BUCARASICA                                                  ","BUCARASICA(NORTE DE SANTANDER)                                                                      "
54125,54,"CÁCOTA                                                      ","CÁCOTA(NORTE DE SANTANDER)                                                                          "
54128,54,"CACHIRÁ                                                     ","CACHIRÁ(NORTE DE SANTANDER)                                                                         "
54172,54,"CHINÁCOTA                                                   ","CHINÁCOTA(NORTE DE SANTANDER)                                                                       "
54174,54,"CHITAGÁ                                                     ","CHITAGÁ(NORTE DE SANTANDER)                                                                         "
54206,54,"CONVENCIÓN                                                  ","CONVENCIÓN(NORTE DE SANTANDER)                                                                      "
54223,54,"CUCUTILLA                                                   ","CUCUTILLA(NORTE DE SANTANDER)                                                                       "
54239,54,"DURANIA                                                     ","DURANIA(NORTE DE SANTANDER)                                                                         "
54245,54,"EL CARMEN                                                   ","EL CARMEN(NORTE DE SANTANDER)                                                                       "
54250,54,"EL TARRA                                                    ","EL TARRA(NORTE DE SANTANDER)                                                                        "
54261,54,"EL ZULIA                                                    ","EL ZULIA(NORTE DE SANTANDER)                                                                        "
54313,54,"GRAMALOTE                                                   ","GRAMALOTE(NORTE DE SANTANDER)                                                                       "
54344,54,"HACARÍ                                                      ","HACARÍ(NORTE DE SANTANDER)                                                                          "
54347,54,"HERRÁN                                                      ","HERRÁN(NORTE DE SANTANDER)                                                                          "
54377,54,"LABATECA                                                    ","LABATECA(NORTE DE SANTANDER)                                                                        "
54385,54,"LA ESPERANZA                                                ","LA ESPERANZA(NORTE DE SANTANDER)                                                                    "
54398,54,"LA PLAYA                                                    ","LA PLAYA(NORTE DE SANTANDER)                                                                        "
54405,54,"LOS PATIOS                                                  ","LOS PATIOS(NORTE DE SANTANDER)                                                                      "
54418,54,"LOURDES                                                     ","LOURDES(NORTE DE SANTANDER)                                                                         "
54480,54,"MUTISCUA                                                    ","MUTISCUA(NORTE DE SANTANDER)                                                                        "
54498,54,"OCAÑA                                                       ","OCAÑA(NORTE DE SANTANDER)                                                                           "
54518,54,"PAMPLONA                                                    ","PAMPLONA(NORTE DE SANTANDER)                                                                        "
54520,54,"PAMPLONITA                                                  ","PAMPLONITA(NORTE DE SANTANDER)                                                                      "
54553,54,"PUERTO SANTANDER                                            ","PUERTO SANTANDER(NORTE DE SANTANDER)                                                                "
54599,54,"RAGONVALIA                                                  ","RAGONVALIA(NORTE DE SANTANDER)                                                                      "
54660,54,"SALAZAR                                                     ","SALAZAR(NORTE DE SANTANDER)                                                                         "
54670,54,"SAN CALIXTO                                                 ","SAN CALIXTO(NORTE DE SANTANDER)                                                                     "
54673,54,"SAN CAYETANO                                                ","SAN CAYETANO(NORTE DE SANTANDER)                                                                    "
54680,54,"SANTIAGO                                                    ","SANTIAGO(NORTE DE SANTANDER)                                                                        "
54720,54,"SARDINATA                                                   ","SARDINATA(NORTE DE SANTANDER)                                                                       "
54743,54,"SILOS                                                       ","SILOS(NORTE DE SANTANDER)                                                                           "
54800,54,"TEORAMA                                                     ","TEORAMA(NORTE DE SANTANDER)                                                                         "
54810,54,"TIBÚ                                                        ","TIBÚ(NORTE DE SANTANDER)                                                                            "
54820,54,"TOLEDO                                                      ","TOLEDO(NORTE DE SANTANDER)                                                                          "
54871,54,"VILLA CARO                                                  ","VILLA CARO(NORTE DE SANTANDER)                                                                      "
54874,54,"VILLA DEL ROSARIO                                           ","VILLA DEL ROSARIO(NORTE DE SANTANDER)                                                               "
63001,63,"ARMENIA                                                     ","ARMENIA(QUINDIO)                                                                                    "
63111,63,"BUENAVISTA                                                  ","BUENAVISTA(QUINDIO)                                                                                 "
63130,63,"CALARCA                                                     ","CALARCA(QUINDIO)                                                                                    "
63190,63,"CIRCASIA                                                    ","CIRCASIA(QUINDIO)                                                                                   "
63212,63,"CÓRDOBA                                                     ","CÓRDOBA(QUINDIO)                                                                                    "
63272,63,"FILANDIA                                                    ","FILANDIA(QUINDIO)                                                                                   "
63302,63,"GÉNOVA                                                      ","GÉNOVA(QUINDIO)                                                                                     "
63401,63,"LA TEBAIDA                                                  ","LA TEBAIDA(QUINDIO)                                                                                 "
63470,63,"MONTENEGRO                                                  ","MONTENEGRO(QUINDIO)                                                                                 "
63548,63,"PIJAO                                                       ","PIJAO(QUINDIO)                                                                                      "
63594,63,"QUIMBAYA                                                    ","QUIMBAYA(QUINDIO)                                                                                   "
63690,63,"SALENTO                                                     ","SALENTO(QUINDIO)                                                                                    "
66001,66,"PEREIRA                                                     ","PEREIRA(RISARALDA)                                                                                  "
66045,66,"APÍA                                                        ","APÍA(RISARALDA)                                                                                     "
66075,66,"BALBOA                                                      ","BALBOA(RISARALDA)                                                                                   "
66088,66,"BELÉN DE UMBRÍA                                             ","BELÉN DE UMBRÍA(RISARALDA)                                                                          "
66170,66,"DOSQUEBRADAS                                                ","DOSQUEBRADAS(RISARALDA)                                                                             "
66318,66,"GUÁTICA                                                     ","GUÁTICA(RISARALDA)                                                                                  "
66383,66,"LA CELIA                                                    ","LA CELIA(RISARALDA)                                                                                 "
66400,66,"LA VIRGINIA                                                 ","LA VIRGINIA(RISARALDA)                                                                              "
66440,66,"MARSELLA                                                    ","MARSELLA(RISARALDA)                                                                                 "
66456,66,"MISTRATÓ                                                    ","MISTRATÓ(RISARALDA)                                                                                 "
66572,66,"PUEBLO RICO                                                 ","PUEBLO RICO(RISARALDA)                                                                              "
66594,66,"QUINCHÍA                                                    ","QUINCHÍA(RISARALDA)                                                                                 "
66682,66,"SANTA ROSA DE CABAL                                         ","SANTA ROSA DE CABAL(RISARALDA)                                                                      "
66687,66,"SANTUARIO                                                   ","SANTUARIO(RISARALDA)                                                                                "
68000,68,"TODOS LOS MUNICIPIOS                                        ","TODOS LOS MUNICIPIOS(SANTANDER)                                                                     "
68001,68,"BUCARAMANGA                                                 ","BUCARAMANGA(SANTANDER)                                                                              "
68013,68,"AGUADA                                                      ","AGUADA(SANTANDER)                                                                                   "
68020,68,"ALBANIA                                                     ","ALBANIA(SANTANDER)                                                                                  "
68051,68,"ARATOCA                                                     ","ARATOCA(SANTANDER)                                                                                  "
68077,68,"BARBOSA                                                     ","BARBOSA(SANTANDER)                                                                                  "
68079,68,"BARICHARA                                                   ","BARICHARA(SANTANDER)                                                                                "
68081,68,"BARRANCABERMEJA                                             ","BARRANCABERMEJA(SANTANDER)                                                                          "
68092,68,"BETULIA                                                     ","BETULIA(SANTANDER)                                                                                  "
68101,68,"BOLÍVAR                                                     ","BOLÍVAR(SANTANDER)                                                                                  "
68121,68,"CABRERA                                                     ","CABRERA(SANTANDER)                                                                                  "
68132,68,"CALIFORNIA                                                  ","CALIFORNIA(SANTANDER)                                                                               "
68147,68,"CAPITANEJO                                                  ","CAPITANEJO(SANTANDER)                                                                               "
68152,68,"CARCASÍ                                                     ","CARCASÍ(SANTANDER)                                                                                  "
68160,68,"CEPITÁ                                                      ","CEPITÁ(SANTANDER)                                                                                   "
68162,68,"CERRITO                                                     ","CERRITO(SANTANDER)                                                                                  "
68167,68,"CHARALÁ                                                     ","CHARALÁ(SANTANDER)                                                                                  "
68169,68,"CHARTA                                                      ","CHARTA(SANTANDER)                                                                                   "
73520,73,"PALOCABILDO                                                 ","PALOCABILDO(TOLIMA)                                                                                 "
73547,73,"PIEDRAS                                                     ","PIEDRAS(TOLIMA)                                                                                     "
73555,73,"PLANADAS                                                    ","PLANADAS(TOLIMA)                                                                                    "
73563,73,"PRADO                                                       ","PRADO(TOLIMA)                                                                                       "
73585,73,"PURIFICACIÓN                                                ","PURIFICACIÓN(TOLIMA)                                                                                "
73616,73,"RIOBLANCO                                                   ","RIOBLANCO(TOLIMA)                                                                                   "
73622,73,"RONCESVALLES                                                ","RONCESVALLES(TOLIMA)                                                                                "
73624,73,"ROVIRA                                                      ","ROVIRA(TOLIMA)                                                                                      "
73671,73,"SALDAÑA                                                     ","SALDAÑA(TOLIMA)                                                                                     "
73675,73,"SAN ANTONIO                                                 ","SAN ANTONIO(TOLIMA)                                                                                 "
73678,73,"SAN LUIS                                                    ","SAN LUIS(TOLIMA)                                                                                    "
73686,73,"SANTA ISABEL                                                ","SANTA ISABEL(TOLIMA)                                                                                "
73770,73,"SUÁREZ                                                      ","SUÁREZ(TOLIMA)                                                                                      "
73854,73,"VALLE DE SAN JUAN                                           ","VALLE DE SAN JUAN(TOLIMA)                                                                           "
73861,73,"VENADILLO                                                   ","VENADILLO(TOLIMA)                                                                                   "
73870,73,"VILLAHERMOSA                                                ","VILLAHERMOSA(TOLIMA)                                                                                "
73873,73,"VILLARRICA                                                  ","VILLARRICA(TOLIMA)                                                                                  "
76001,76,"CALI                                                        ","CALI(VALLE DEL CAUCA)                                                                               "
76020,76,"ALCALÁ                                                      ","ALCALÁ(VALLE DEL CAUCA)                                                                             "
76036,76,"ANDALUCÍA                                                   ","ANDALUCÍA(VALLE DEL CAUCA)                                                                          "
76041,76,"ANSERMANUEVO                                                ","ANSERMANUEVO(VALLE DEL CAUCA)                                                                       "
76054,76,"ARGELIA                                                     ","ARGELIA(VALLE DEL CAUCA)                                                                            "
76100,76,"BOLÍVAR                                                     ","BOLÍVAR(VALLE DEL CAUCA)                                                                            "
76109,76,"BUENAVENTURA                                                ","BUENAVENTURA(VALLE DEL CAUCA)                                                                       "
76111,76,"BUGA                                                        ","GUADALAJARA DE BUGA(VALLE DEL CAUCA)                                                                "
76113,76,"BUGALAGRANDE                                                ","BUGALAGRANDE(VALLE DEL CAUCA)                                                                       "
76122,76,"CAICEDONIA                                                  ","CAICEDONIA(VALLE DEL CAUCA)                                                                         "
76126,76,"CALIMA                                                      ","CALIMA(VALLE DEL CAUCA)                                                                             "
76130,76,"CANDELARIA                                                  ","CANDELARIA(VALLE DEL CAUCA)                                                                         "
76147,76,"CARTAGO                                                     ","CARTAGO(VALLE DEL CAUCA)                                                                            "
76233,76,"DAGUA                                                       ","DAGUA(VALLE DEL CAUCA)                                                                              "
76243,76,"EL ÁGUILA                                                   ","EL ÁGUILA(VALLE DEL CAUCA)                                                                          "
76246,76,"EL CAIRO                                                    ","EL CAIRO(VALLE DEL CAUCA)                                                                           "
76248,76,"EL CERRITO                                                  ","EL CERRITO(VALLE DEL CAUCA)                                                                         "
76250,76,"EL DOVIO                                                    ","EL DOVIO(VALLE DEL CAUCA)                                                                           "
76275,76,"FLORIDA                                                     ","FLORIDA(VALLE DEL CAUCA)                                                                            "
76306,76,"GINEBRA                                                     ","GINEBRA(VALLE DEL CAUCA)                                                                            "
76318,76,"GUACARÍ                                                     ","GUACARÍ(VALLE DEL CAUCA)                                                                            "
76364,76,"JAMUNDÍ                                                     ","JAMUNDÍ(VALLE DEL CAUCA)                                                                            "
76377,76,"LA CUMBRE                                                   ","LA CUMBRE(VALLE DEL CAUCA)                                                                          "
76400,76,"LA UNIÓN                                                    ","LA UNIÓN(VALLE DEL CAUCA)                                                                           "
76403,76,"LA VICTORIA                                                 ","LA VICTORIA(VALLE DEL CAUCA)                                                                        "
76497,76,"OBANDO                                                      ","OBANDO(VALLE DEL CAUCA)                                                                             "
76520,76,"PALMIRA                                                     ","PALMIRA(VALLE DEL CAUCA)                                                                            "
76563,76,"PRADERA                                                     ","PRADERA(VALLE DEL CAUCA)                                                                            "
76606,76,"RESTREPO                                                    ","RESTREPO(VALLE DEL CAUCA)                                                                           "
76616,76,"RIOFRÍO                                                     ","RIOFRÍO(VALLE DEL CAUCA)                                                                            "
76622,76,"ROLDANILLO                                                  ","ROLDANILLO(VALLE DEL CAUCA)                                                                         "
76670,76,"SAN PEDRO                                                   ","SAN PEDRO(VALLE DEL CAUCA)                                                                          "
76736,76,"SEVILLA                                                     ","SEVILLA(VALLE DEL CAUCA)                                                                            "
76823,76,"TORO                                                        ","TORO(VALLE DEL CAUCA)                                                                               "
76828,76,"TRUJILLO                                                    ","TRUJILLO(VALLE DEL CAUCA)                                                                           "
76834,76,"TULUÁ                                                       ","TULUÁ(VALLE DEL CAUCA)                                                                              "
76845,76,"ULLOA                                                       ","ULLOA(VALLE DEL CAUCA)                                                                              "
76863,76,"VERSALLES                                                   ","VERSALLES(VALLE DEL CAUCA)                                                                          "
76869,76,"VIJES                                                       ","VIJES(VALLE DEL CAUCA)                                                                              "
76890,76,"YOTOCO                                                      ","YOTOCO(VALLE DEL CAUCA)                                                                             "
76892,76,"YUMBO                                                       ","YUMBO(VALLE DEL CAUCA)                                                                              "
76895,76,"ZARZAL                                                      ","ZARZAL(VALLE DEL CAUCA)                                                                             "
81001,81,"ARAUCA                                                      ","ARAUCA(ARAUCA)                                                                                      "
81065,81,"ARAUQUITA                                                   ","ARAUQUITA(ARAUCA)                                                                                   "
81220,81,"CRAVO NORTE                                                 ","CRAVO NORTE(ARAUCA)                                                                                 "
81300,81,"FORTUL                                                      ","FORTUL(ARAUCA)                                                                                      "
68533,68,"PÁRAMO                                                      ","PÁRAMO(SANTANDER)                                                                                   "
68547,68,"PIEDECUESTA                                                 ","PIEDECUESTA(SANTANDER)                                                                              "
68549,68,"PINCHOTE                                                    ","PINCHOTE(SANTANDER)                                                                                 "
68572,68,"PUENTE NACIONAL                                             ","PUENTE NACIONAL(SANTANDER)                                                                          "
68573,68,"PUERTO PARRA                                                ","PUERTO PARRA(SANTANDER)                                                                             "
68575,68,"PUERTO WILCHES                                              ","PUERTO WILCHES(SANTANDER)                                                                           "
68615,68,"RIONEGRO                                                    ","RIONEGRO(SANTANDER)                                                                                 "
68655,68,"SABANA DE TORRES                                            ","SABANA DE TORRES(SANTANDER)                                                                         "
68669,68,"SAN ANDRÉS                                                  ","SAN ANDRÉS(SANTANDER)                                                                               "
68673,68,"SAN BENITO                                                  ","SAN BENITO(SANTANDER)                                                                               "
68679,68,"SAN GIL                                                     ","SAN GIL(SANTANDER)                                                                                  "
68682,68,"SAN JOAQUÍN                                                 ","SAN JOAQUÍN(SANTANDER)                                                                              "
68684,68,"SAN JOSÉ DE MIRANDA                                         ","SAN JOSÉ DE MIRANDA(SANTANDER)                                                                      "
68686,68,"SAN MIGUEL                                                  ","SAN MIGUEL(SANTANDER)                                                                               "
68689,68,"SAN VICENTE DE CHUCURÍ                                      ","SAN VICENTE DE CHUCURÍ(SANTANDER)                                                                   "
68705,68,"SANTA BÁRBARA                                               ","SANTA BÁRBARA(SANTANDER)                                                                            "
68720,68,"SANTA HELENA DEL OPÓN                                       ","SANTA HELENA DEL OPÓN(SANTANDER)                                                                    "
68745,68,"SIMACOTA                                                    ","SIMACOTA(SANTANDER)                                                                                 "
68755,68,"SOCORRO                                                     ","SOCORRO(SANTANDER)                                                                                  "
68770,68,"SUAITA                                                      ","SUAITA(SANTANDER)                                                                                   "
68773,68,"SUCRE                                                       ","SUCRE(SANTANDER)                                                                                    "
68780,68,"SURATÁ                                                      ","SURATÁ(SANTANDER)                                                                                   "
68820,68,"TONA                                                        ","TONA(SANTANDER)                                                                                     "
68855,68,"VALLE DE SAN JOSÉ                                           ","VALLE DE SAN JOSÉ(SANTANDER)                                                                        "
68861,68,"VÉLEZ                                                       ","VÉLEZ(SANTANDER)                                                                                    "
68867,68,"VETAS                                                       ","VETAS(SANTANDER)                                                                                    "
68872,68,"VILLANUEVA                                                  ","VILLANUEVA(SANTANDER)                                                                               "
68895,68,"ZAPATOCA                                                    ","ZAPATOCA(SANTANDER)                                                                                 "
70001,70,"SINCELEJO                                                   ","SINCELEJO(SUCRE)                                                                                    "
70110,70,"BUENAVISTA                                                  ","BUENAVISTA(SUCRE)                                                                                   "
70124,70,"CAIMITO                                                     ","CAIMITO(SUCRE)                                                                                      "
70204,70,"COLOSO                                                      ","COLOSO(SUCRE)                                                                                       "
70215,70,"COROZAL                                                     ","COROZAL(SUCRE)                                                                                      "
70221,70,"COVEÑAS                                                     ","COVEÑAS(SUCRE)                                                                                      "
70230,70,"CHALÁN                                                      ","CHALÁN(SUCRE)                                                                                       "
70233,70,"EL ROBLE                                                    ","EL ROBLE(SUCRE)                                                                                     "
70235,70,"GALERAS                                                     ","GALERAS(SUCRE)                                                                                      "
70265,70,"GUARANDA                                                    ","GUARANDA(SUCRE)                                                                                     "
70400,70,"LA UNIÓN                                                    ","LA UNIÓN(SUCRE)                                                                                     "
70418,70,"LOS PALMITOS                                                ","LOS PALMITOS(SUCRE)                                                                                 "
70429,70,"MAJAGUAL                                                    ","MAJAGUAL(SUCRE)                                                                                     "
70473,70,"MORROA                                                      ","MORROA(SUCRE)                                                                                       "
70508,70,"OVEJAS                                                      ","OVEJAS(SUCRE)                                                                                       "
70523,70,"SAN ANTONIO DE PALMITO                                      ","PALMITO(SUCRE)                                                                                      "
70670,70,"SAMPUÉS                                                     ","SAMPUÉS(SUCRE)                                                                                      "
70678,70,"SAN BENITO ABAD                                             ","SAN BENITO ABAD(SUCRE)                                                                              "
70702,70,"SAN JUAN DE BETULIA                                         ","SAN JUAN DE BETULIA(SUCRE)                                                                          "
70708,70,"SAN MARCOS                                                  ","SAN MARCOS(SUCRE)                                                                                   "
70713,70,"SAN ONOFRE                                                  ","SAN ONOFRE(SUCRE)                                                                                   "
70717,70,"SAN PEDRO                                                   ","SAN PEDRO(SUCRE)                                                                                    "
70742,70,"SINCÉ                                                       ","SINCÉ(SUCRE)                                                                                        "
70771,70,"SUCRE                                                       ","SUCRE(SUCRE)                                                                                        "
70820,70,"SANTIAGO DE TOLÚ                                            ","SANTIAGO DE TOLÚ(SUCRE)                                                                             "
70823,70,"TOLÚ VIEJO                                                  ","TOLÚ VIEJO(SUCRE)                                                                                   "
73001,73,"IBAGUÉ                                                      ","IBAGUÉ(TOLIMA)                                                                                      "
73024,73,"ALPUJARRA                                                   ","ALPUJARRA(TOLIMA)                                                                                   "
73026,73,"ALVARADO                                                    ","ALVARADO(TOLIMA)                                                                                    "
73030,73,"AMBALEMA                                                    ","AMBALEMA(TOLIMA)                                                                                    "
73043,73,"ANZOÁTEGUI                                                  ","ANZOÁTEGUI(TOLIMA)                                                                                  "
73055,73,"ARMERO                                                      ","ARMERO(TOLIMA)                                                                                      "
73067,73,"ATACO                                                       ","ATACO(TOLIMA)                                                                                       "
73124,73,"CAJAMARCA                                                   ","CAJAMARCA(TOLIMA)                                                                                   "
73148,73,"CARMEN DE APICALÁ                                           ","CARMEN DE APICALÁ(TOLIMA)                                                                           "
73152,73,"CASABIANCA                                                  ","CASABIANCA(TOLIMA)                                                                                  "
73168,73,"CHAPARRAL                                                   ","CHAPARRAL(TOLIMA)                                                                                   "
73200,73,"COELLO                                                      ","COELLO(TOLIMA)                                                                                      "
73217,73,"COYAIMA                                                     ","COYAIMA(TOLIMA)                                                                                     "
73226,73,"CUNDAY                                                      ","CUNDAY(TOLIMA)                                                                                      "
73236,73,"DOLORES                                                     ","DOLORES(TOLIMA)                                                                                     "
73268,73,"ESPINAL                                                     ","ESPINAL(TOLIMA)                                                                                     "
73270,73,"FALAN                                                       ","FALAN(TOLIMA)                                                                                       "
73275,73,"FLANDES                                                     ","FLANDES(TOLIMA)                                                                                     "
73283,73,"FRESNO                                                      ","FRESNO(TOLIMA)                                                                                      "
73319,73,"GUAMO                                                       ","GUAMO(TOLIMA)                                                                                       "
73347,73,"HERVEO                                                      ","HERVEO(TOLIMA)                                                                                      "
73349,73,"HONDA                                                       ","HONDA(TOLIMA)                                                                                       "
73352,73,"ICONONZO                                                    ","ICONONZO(TOLIMA)                                                                                    "
73408,73,"LÉRIDA                                                      ","LÉRIDA(TOLIMA)                                                                                      "
73411,73,"LÍBANO                                                      ","LÍBANO(TOLIMA)                                                                                      "
73443,73,"MARIQUITA                                                   ","MARIQUITA(TOLIMA)                                                                                   "
73449,73,"MELGAR                                                      ","MELGAR(TOLIMA)                                                                                      "
73461,73,"MURILLO                                                     ","MURILLO(TOLIMA)                                                                                     "
73483,73,"NATAGAIMA                                                   ","NATAGAIMA(TOLIMA)                                                                                   "
73504,73,"ORTEGA                                                      ","ORTEGA(TOLIMA)                                                                                      "
81591,81,"PUERTO RONDÓN                                               ","PUERTO RONDÓN(ARAUCA)                                                                               "
81736,81,"SARAVENA                                                    ","SARAVENA(ARAUCA)                                                                                    "
81794,81,"TAME                                                        ","TAME(ARAUCA)                                                                                        "
85001,85,"YOPAL                                                       ","YOPAL(CASANARE)                                                                                     "
85010,85,"AGUAZUL                                                     ","AGUAZUL(CASANARE)                                                                                   "
85015,85,"CHAMEZA                                                     ","CHAMEZA(CASANARE)                                                                                   "
85125,85,"HATO COROZAL                                                ","HATO COROZAL(CASANARE)                                                                              "
85136,85,"LA SALINA                                                   ","LA SALINA(CASANARE)                                                                                 "
85139,85,"MANÍ                                                        ","MANÍ(CASANARE)                                                                                      "
85162,85,"MONTERREY                                                   ","MONTERREY(CASANARE)                                                                                 "
85225,85,"NUNCHÍA                                                     ","NUNCHÍA(CASANARE)                                                                                   "
85230,85,"OROCUÉ                                                      ","OROCUÉ(CASANARE)                                                                                    "
85250,85,"PAZ DE ARIPORO                                              ","PAZ DE ARIPORO(CASANARE)                                                                            "
85263,85,"PORE                                                        ","PORE(CASANARE)                                                                                      "
85279,85,"RECETOR                                                     ","RECETOR(CASANARE)                                                                                   "
85300,85,"SABANALARGA                                                 ","SABANALARGA(CASANARE)                                                                               "
85315,85,"SÁCAMA                                                      ","SÁCAMA(CASANARE)                                                                                    "
85325,85,"SAN LUIS DE PALENQUE                                        ","SAN LUIS DE PALENQUE(CASANARE)                                                                      "
85400,85,"TÁMARA                                                      ","TÁMARA(CASANARE)                                                                                    "
85410,85,"TAURAMENA                                                   ","TAURAMENA(CASANARE)                                                                                 "
85430,85,"TRINIDAD                                                    ","TRINIDAD(CASANARE)                                                                                  "
85440,85,"VILLANUEVA                                                  ","VILLANUEVA(CASANARE)                                                                                "
86001,86,"MOCOA                                                       ","MOCOA(PUTUMAYO)                                                                                     "
86219,86,"COLÓN                                                       ","COLÓN(PUTUMAYO)                                                                                     "
86320,86,"ORITO                                                       ","ORITO(PUTUMAYO)                                                                                     "
86568,86,"PUERTO ASÍS                                                 ","PUERTO ASÍS(PUTUMAYO)                                                                               "
86569,86,"PUERTO CAICEDO                                              ","PUERTO CAICEDO(PUTUMAYO)                                                                            "
86571,86,"PUERTO GUZMÁN                                               ","PUERTO GUZMÁN(PUTUMAYO)                                                                             "
86573,86,"LEGUÍZAMO                                                   ","LEGUÍZAMO(PUTUMAYO)                                                                                 "
86749,86,"SIBUNDOY                                                    ","SIBUNDOY(PUTUMAYO)                                                                                  "
86755,86,"SAN FRANCISCO                                               ","SAN FRANCISCO(PUTUMAYO)                                                                             "
86757,86,"SAN MIGUEL                                                  ","SAN MIGUEL(PUTUMAYO)                                                                                "
86760,86,"SANTIAGO                                                    ","SANTIAGO(PUTUMAYO)                                                                                  "
86865,86,"VALLE DEL GUAMUEZ                                           ","VALLE DEL GUAMUEZ(PUTUMAYO)                                                                         "
86885,86,"VILLAGARZÓN                                                 ","VILLAGARZÓN(PUTUMAYO)                                                                               "
88001,88,"SAN ANDRÉS                                                  ","SAN ANDRÉS(ARCHIPIÉLAGO DE SAN)                                                                     "
88564,88,"PROVIDENCIA                                                 ","PROVIDENCIA(ARCHIPIÉLAGO DE SAN)                                                                    "
91001,91,"LETICIA                                                     ","LETICIA(AMAZONAS)                                                                                   "
91263,91,"EL ENCANTO                                                  ","EL ENCANTO(AMAZONAS)                                                                                "
91405,91,"LA CHORRERA                                                 ","LA CHORRERA(AMAZONAS)                                                                               "
91407,91,"LA PEDRERA                                                  ","LA PEDRERA(AMAZONAS)                                                                                "
91430,91,"LA VICTORIA                                                 ","LA VICTORIA(AMAZONAS)                                                                               "
91460,91,"MIRITI - PARANÁ                                             ","MIRITI - PARANÁ(AMAZONAS)                                                                           "
91530,91,"PUERTO ALEGRÍA                                              ","PUERTO ALEGRÍA(AMAZONAS)                                                                            "
91536,91,"PUERTO ARICA                                                ","PUERTO ARICA(AMAZONAS)                                                                              "
91540,91,"PUERTO NARIÑO                                               ","PUERTO NARIÑO(AMAZONAS)                                                                             "
91669,91,"PUERTO SANTANDER                                            ","PUERTO SANTANDER(AMAZONAS)                                                                          "
91798,91,"TARAPACÁ                                                    ","TARAPACÁ(AMAZONAS)                                                                                  "
94001,94,"INÍRIDA                                                     ","INÍRIDA(GUAINÍA)                                                                                    "
94343,94,"BARRANCO MINAS                                              ","BARRANCO MINAS(GUAINÍA)                                                                             "
94663,94,"MAPIRIPANA                                                  ","MAPIRIPANA(GUAINÍA)                                                                                 "
94883,94,"SAN FELIPE                                                  ","SAN FELIPE(GUAINÍA)                                                                                 "
94884,94,"PUERTO COLOMBIA                                             ","PUERTO COLOMBIA(GUAINÍA)                                                                            "
94885,94,"LA GUADALUPE                                                ","LA GUADALUPE(GUAINÍA)                                                                               "
94886,94,"CACAHUAL                                                    ","CACAHUAL(GUAINÍA)                                                                                   "
94887,94,"PANA PANA                                                   ","PANA PANA(GUAINÍA)                                                                                  "
94888,94,"MORICHAL                                                    ","MORICHAL(GUAINÍA)                                                                                   "
95001,95,"SAN JOSÉ DEL GUAVIARE                                       ","SAN JOSÉ DEL GUAVIARE(GUAVIARE)                                                                     "
95015,95,"CALAMAR                                                     ","CALAMAR(GUAVIARE)                                                                                   "
95025,95,"EL RETORNO                                                  ","EL RETORNO(GUAVIARE)                                                                                "
95200,95,"MIRAFLORES                                                  ","MIRAFLORES(GUAVIARE)                                                                                "
97001,97,"MITÚ                                                        ","MITÚ(VAUPÉS)                                                                                        "
97161,97,"CARURU                                                      ","CARURU(VAUPÉS)                                                                                      "
97511,97,"PACOA                                                       ","PACOA(VAUPÉS)                                                                                       "
97666,97,"TARAIRA                                                     ","TARAIRA(VAUPÉS)                                                                                     "
97777,97,"PAPUNAUA                                                    ","PAPUNAUA(VAUPÉS)                                                                                    "
97889,97,"YAVARATÉ                                                    ","YAVARATÉ(VAUPÉS)                                                                                    "
99001,99,"PUERTO CARREÑO                                              ","PUERTO CARREÑO(VICHADA)                                                                             "
99524,99,"LA PRIMAVERA                                                ","LA PRIMAVERA(VICHADA)                                                                               "
99624,99,"SANTA ROSALÍA                                               ","SANTA ROSALÍA(VICHADA)                                                                              "
99773,99,"CUMARIBO                                                    ","CUMARIBO(VICHADA)                                                                                   "
99774,25,"UBATÉ                                                       ","UBATÉ(CUNDINAMARCA)                                                                                 "
99775,99,"EL VIENTO                                                   ","EL VIENTO(VICHADA)                                                                                  "
19846,19,"GUACHENÉ                                                    ","GUACHENÉ (CAUCA)                                                                                    "
13490,13,"NOROSI                                                      ","NOROSI(BOLIVAR)                                                                                     "
100,100,"NACIONAL                                                    ","COBERTURA NACIONAL                                                                                  "
