id,dominio,titulo,invariante,severidad,severidad_original,probabilidad,impacto,evidencia,remediacion,esfuerzo,confianza,revision_adversarial
A-01,A-webhook-leads,El lead nuevo no se vuelve visible en ninguna parte: no existe endpoint ni pantalla de lectura de la mesa de entrada,INV-7,CRITICO,,ALTA,"La cadena webhook -> lead -> agenda se corta en el primer eslabon, y no por falta de dato sino por falta de puerta. Cada lead pagado de Meta se cobra, se guarda y se pierde: nadie lo ve, nadie lo llama, nadie puede convertirlo. `POST /admin/leads/:id/convertir` esta escrito, probado (`conversion.spec.ts`) y es codigo muerto, porque no hay forma de conseguir el `:id`. Fase 0 lo anoto como «no hay pantalla»; lo que confirmo es peor: tampoco hay endpoint, asi que no es trabajo de frontend pendiente sino un agujero de backend.","backend/src/leads/conversion.controller.ts:22 y :30-31 (unico controlador admin/leads, solo POST convertir); backend/src/leads/meta-pruebas.controller.ts:355 (unico findMany, en el banco de pruebas); backend/src/crm/crm.controller.ts:649-651 (unica aparicion real, via propuesta)","Anadir `GET /admin/leads` con `AdminGuard`, `@Requiere('inscripciones')` y filtro obligatorio por `ambito.convenios` (el mismo patron de `conversion.service.ts:68-69`), paginado y ordenado por `recibidoEn desc`, con filtro por `estado`. Devolver el documento tapado con `taparDocumento()`, no en claro. Sin esto, nada mas de este dominio importa: el resto de arreglos serian sobre datos que nadie mira.",M,CONFIRMADO EN CODIGO,"El `:id` SI se entrega, solo que a quien no toca. `entra()` devuelve `this.vista(lead)`, y `vista()` incluye `id` (`leads.service.ts:453-458`, invocado en :123, :162 y :174): el orquestador recibe el identificador del lead en el 200 de cada webhook. Nadie del panel lo puede obtener —eso es cierto y "
A-03,A-webhook-leads,"`participanteId @unique` revienta con 500 el segundo lead que cruce con la misma ficha, y lo deja PENDIENTE para siempre",INV-5,CRITICO,,ALTA,"Que la misma persona llene el formulario dos veces es lo normal, no el caso raro. A partir del segundo lead: 500 al emisor, lead atrapado en PENDIENTE, sin toque de origen, sin propuesta y —por A-01— invisible. El fallo se autooculta: el reintento contesta 200. Nadie se entera nunca, y la metrica de pauta pierde todos los reimpactos, que son justo lo que se queria medir. Ningun spec cubre esto: `cruzar-con-el-crm.spec.ts` solo prueba la funcion buscadora con prisma doblado y `avisarQueYaEstaba` no se ejercita en ningun `it`.",backend/prisma/schema.prisma:783 (`participanteId String? @unique`) contra backend/src/leads/leads.service.ts:339-346 (update sin captura de P2002),"Quitar `@unique` de `participanteId` (una ficha puede tener varios leads de origen: es la verdad del negocio) y dejar el indice simple. Migracion expand->contract: crear el indice no unico, borrar el unico. Mientras tanto, envolver la transaccion de `avisarQueYaEstaba` en captura de P2002 para que nunca tumbe la peticion. Y el `ExceptionFilter` global que Fase 0 ya pide.",M,CONFIRMADO EN CODIGO,"No hay prisma doblado ni una sola prueba de la funcion buscadora. `cruzar-con-el-crm.spec.ts:1` importa exactamente `{ partirNombreCompleto, porDondeSeEncontro }`: los 10 bloques `it` son 7 de partir el nombre (:7,16,25,34,43,49,53) y 3 de redactar el mensaje (:61,71,84), ambas funciones puras. `cru"
C-01,C-historial,"La bitácora solo ve la UI: workers, webhook y SQL manual escriben sin dejar rastro",INV-3,CRITICO,,ALTA,"La pregunta «¿quién cambió esto?» no tiene respuesta para la mayoría de los cambios. Un lead que entra por el webhook de Meta, se convierte y se matricula solo recorre toda la cadena sin una sola fila de auditoría. Delante del SENA, la trazabilidad de una ficha depende de por qué puerta se tocó, no de que se tocó.","backend/src/crm/matricula.ts:89 (participante.update sin auditoría; `grep -c auditoria backend/src/crm/matricula.ts` = 0) · backend/src/leads/leads.service.ts:126,243,339,364 (grep auditoria = 0) · backend/src/reservas/reservas.service.ts:369 ($executeRaw; grep auditoria = 0) · backend/prisma/aplicar-migracion.mjs:43 · backend/src/comun/auditoria.service.ts:116","La bitácora no puede seguir dependiendo de que el programador se acuerde de llamarla. Mover la captura a la BASE DE DATOS con triggers AFTER INSERT/UPDATE/DELETE sobre las tablas de negocio (ver C-16). Mientras tanto, y como medida puente: inyectar `AuditoriaService` en leads, reservas, admin, cronograma, politicas y matricula, y auditar sus escrituras. El puente NO cierra el agujero del SQL manual — solo el trigger lo cierra.",L,CONFIRMADO EN CODIGO,"La generalización se cae con el propio C-15 del mismo informe. Fuera de esos 13 puntos hay cuatro registros más que sí capturan escrituras: MovimientoParticipante en 10 sitios (7 de ellos con adminId), MovimientoReserva en 5 (con ip y userAgent), ValorAnterior en 2, CargaDeParticipantes con adminId,"
C-14,C-historial,El recuento: 14 de 71 escrituras de negocio dejan huella en la bitácora,INV-3,CRITICO,,ALTA,"Cuatro de cada cinco cambios de negocio no se pueden atribuir a nadie. Los que faltan no son los menores: quién cambió los permisos de un administrador, quién despublicó una política de datos, quién movió los cupos del cronograma y qué entró por el webhook son exactamente las preguntas que se hacen cuando algo sale mal.","Denominador: `grep -rnE ""(prisma|tx)\.(participante|persona|reserva|oferta|empresa|institucion|leadEntrante|accionFormacion|grupoCobertura|autorizacionDatos|politicaDatos|admin|adminConvenio)\.(create|createMany|update|updateMany|upsert|delete|deleteMany)"" backend/src --include=*.ts -o | grep -v .spec.ts | grep -v src/crm/rui/ | wc -l` → 71 · Numerador: los 13 `auditoria.registrar(` de backend/src (crm.service.ts:1310,1515,1775,2044,2324,2385,2534; instituciones.service.ts:277; plantillas.service.ts:316,407; preinscripcion.service.ts:1015,1138; rui.service.ts:197) · Lecturas: auditoria.service.ts:139, crm.service.ts:392, preinscripcion.service.ts:999","No cerrar la brecha llamada a llamada —57 puntos de llamada nueva es un trabajo que se degrada solo, porque el punto 58 no lo obliga nadie. Es el argumento para C-16: un trigger por tabla cubre las 71 escrituras y las futuras, incluidas las que no pasan por Prisma. Priorizar en el primer lote las tablas de la cadena de INV-7 más `administradores` y `politicas_datos`.",L,CONFIRMADO EN CODIGO,"Hay 3 lecturas y 2 funcionan. El groupBy de crm.service.ts:392-401 filtra por entidad Y por acción con la grafía correcta (ENTIDADES.PARTICIPANTE), y su resultado llega a DOS pantallas: la columna «Cambios» del listado y el dato «Cambios realizados» del cajón de lead. La lectura de preinscripcion.se || Esas dos escrituras NUNCA se auditan. Viven en la rama `if (suya)` (:1172), que es mutuamente excluyente con el bloque auditado `if (seCambia && laDeAhora)` (:1137): aQueOrganizacionSeAta devuelve `atar: null` exactamente cuando `cambia === true`, así que quien cambia de organización cae en la rama  || El denominador 71 y el numerador 14 se reproducen exactamente con el grep citado — eso está bien. Lo que no vale es el salto de «sin fila en la bitácora» a «no se puede atribuir a nadie». De las 57, al menos 5 escrituras del CRM van acompañadas de un MovimientoParticipante con adminId e ip en la mis"
D-02,D-papelera,Lo archivado seguiria viajando al SENA: no hay embudo unico de consultas,INV-2,CRITICO,,ALTA,"Una ficha archivada -- un duplicado, un dato falso, alguien que pidio salir -- sigue contando en el embudo, en el panel de cupos, en la lista de una campana de correo y, lo peor, en el .xlsx que se le entrega al SENA. Se reporta al Estado a alguien que se archivo precisamente para no reportarlo.","backend/src/crm/crm.service.ts:3645 (private donde), usado solo en :331, :491, :506, :2900 · backend/src/crm/sep/sep.service.ts:188, :376, :434 (consultan participante directo con etapa: { in: ETAPAS_DEL_REPORTE }) · 72 sitios contados con: grep -rn ""prisma\.participante\.\|tx\.participante\."" backend/src --include=*.ts | grep -v spec | wc -l","Copiar el patron de etapas.ts: un solo modulo backend/src/comun/vivos.ts que exporte VIVO = { archivadoEn: null } y ARCHIVADO = { archivadoEn: { not: null } } como fragmentos Prisma.ParticipanteWhereInput, con la cabecera explicando por que existe. Y luego, que es lo que de verdad cierra el agujero: NO confiar en que 72 sitios lo recuerden. Dos capas mas: (1) Extension de Prisma Client ($extends sobre query.participante.$allOperations) que inyecte archivadoEn: null por defecto en findMany/findFirst/count/groupBy/aggregate y exija un incluirArchivados explicito para verlos. Es una sola pieza y cubre los 72 sitios el dia que se escribe el 73. (2) Un lint de repo que falle si aparece prisma.participante. sin pasar por el helper. Alternativa evaluada y descartada: vistas de Postgres participantes_vivos -- Prisma no las mapea a los tipos generados y obligaria a SQL crudo justo donde hoy no lo hay. Alternativa evaluada y descartada: RLS con SET app.ver_archivados -- el backend usa una sola conexion y un solo rol, no hay sesion de base por usuario.",L,CONFIRMADO EN CODIGO,"El conteo mide solo lo que su propio grep ve, y la remediacion cubre exactamente ese subconjunto. Faltan dos familias enteras de caminos de lectura: (1) 28 consultas en SQL CRUDO contra `""participantes""`, en cuatro ficheros que NO aparecen en la lista de 14 — control.ts, planeacion-de-pauta.ts, tabl || Solo dos de las tres son consultas directas a `participante`. La tercera es una PROYECCION/filtro anidado dentro de una consulta a otro modelo: `autorizacionDatos.findMany({ where: { ..., persona: { participaciones: { some: { convenioId, etapa } } } } })`. Confundir el filtro anidado con una consult"
E-01,E-calendario,"Nada de lo que escribe el cronograma queda registrado, y con el catálogo actual no puede quedar",INV-3,CRITICO,,ALTA,"Mover la fecha de arranque de un grupo cambia el «va al día» de toda una cohorte, mueve el reporte al SENA y dispara la matriculación automática. Cambiar los cupos de una cobertura mueve el techo de la oferta entera. Ninguna de las dos cosas deja huella: cuando una fecha no cuadre con el SENA no hay forma de saber quién la movió ni qué decía antes. El propio comentario de `matricula.ts:48-51` dice que esa es justo la pregunta que se hace cuando una fecha no cuadra.",backend/src/cronograma/cronograma.service.ts:160-168 y :244-262; backend/src/comun/auditoria.service.ts:57-63 y :10-40; backend/prisma/schema.prisma:1888,"Añadir GRUPO y COBERTURA a `ENTIDADES`, y las acciones CRONOGRAMA_FECHAS_CAMBIADAS y COBERTURA_CUPOS_CAMBIADOS a `ACCIONES`. Registrar en `actualizarGrupo` y `actualizarCupos` con antes/después por campo, dentro de la misma transacción que ya existe en `actualizarCupos`. Como INV-3 pide cubrir también el SQL directo, la solución que aguanta es un trigger de auditoría sobre `grupos` y `grupos_cobertura`, y ahí conviene el ADR de «auditoría por trigger» que la ficha ya lista como pendiente.",M,CONFIRMADO EN CODIGO,"Es una lectura al revés del comentario. `auditoria.service.ts:7-9` dice explícitamente por qué el catálogo vive en código y no en un enum de Postgres: «añadir una acción no debería costar una migración, y el conjunto cambia más que el esquema». El «una grafía nueva no compila» (:56) protege contra E"
F-01,F-reservas,No existe hold con TTL: una reserva confirmada retiene el cupo para siempre,INV-4,CRITICO,,ALTA,"Cada POST publico sin sesion se lleva N cupos de forma permanente. Solo hay tres formas de devolverlos, y las tres exigen accion humana: que la propia empresa vuelva a /consulta con su NIT y cancele (reservas.service.ts:224), que un gestor cancele desde el panel (tableros.service.ts:1117) o que un operador corra pnpm db:borrar-reservas <nit> --si (backend/package.json:38). Ninguna es automatica. Una oferta se seca con reservas fantasma y las empresas que si iban a ir quedan en LISTA_ESPERA detras de ellas sin que nadie las avise (ver F-05). El throttle de 10/min por IP (reservas.controller.ts:28) no lo frena: son 10 reservas por minuto por IP, indefinidamente, contra una ruta sin guard. Y como no se puede cerrar la oferta, el unico freno de emergencia es ocultar la AccionFormacion entera con visible (admin.service.ts:806), que tumba tambien las ofertas sanas de esa accion.","backend/prisma/schema.prisma:257-261 (enum sin EXPIRADA) · backend/prisma/schema.prisma:263-308 (Reserva sin columna de vencimiento) · backend/src/reservas/reservas.service.ts:100 (el cupo se ocupa en el POST) · NO ENCONTRADO: grep -rniE ""expira|caduc|vence|ttl|hold|SOLICITADA|EXPIRADA"" backend/src backend/prisma/schema.prisma no devuelve ni una coincidencia referida a Reserva · NO ENCONTRADO: escritura de Oferta.abierta, grep -rn ""abierta"" backend/src --include=*.ts devuelve solo lecturas","Anadir a Reserva una columna retieneHasta DateTime? y un estado SOLICITADA en el enum, con expand->migrate->contract (INV-8): primero la columna anulable, luego el backfill poniendo retieneHasta = null en todo lo existente, luego el valor nuevo del enum, y solo despues la logica. Escribir un unico job -no un setInterval mas, que ya hay dos sin candado segun 00-mapa-actual.md:98-104- que en una transaccion por oferta tome la fila FOR UPDATE, pase a EXPIRADA lo vencido, devuelva el contador con moverContador y llame a promoverListaDeEspera. La confirmacion debe ser un acto explicito de la empresa (clic en el correo, ver F-05), no el POST. Requiere ADR: cuanto dura el hold y quien lo confirma es decision de negocio.",L,CONFIRMADO EN CODIGO,"SE CONTRADICE CONSIGO MISMO, Y ADEMAS EL FRENO NO FRENA. El propio parrafo de impacto acaba de listar tres formas de devolver cupos, entre ellas «que un gestor cancele desde el panel (tableros.service.ts:1117)»; tres lineas despues dice que el unico freno es ocultar la accion. Y ocultar la AccionFor"
G-03,G-cupos,`asignar()` mueve gente entre ofertas y coberturas sin candado y sin mirar el cupo del grupo,INV-4,CRITICO,,ALTA,"Sobrecupo de aula por la puerta que mas se usa a diario. Y como el conteo es en vivo, el sobrecupo no descuadra ningun contador: simplemente hay mas gente que sillas, y se descubre el primer dia de clase. Ademas `sobrecupoMotivo` (:3468-3474) convierte el tope en negociable a nivel de oferta pero NO a nivel de grupo, que es donde esta el aula fisica.","backend/src/crm/crm.service.ts:3459-3465 (conteo fuera de tx), :3467-3475 (el `if`), :3479-3484 (la cobertura no se mide), :3532 ($transaction de array); backend/src/crm/crm.controller.ts:452-462","Convertir el `$transaction([array])` de :3532 en transaccion interactiva; dentro, tomar el mismo candado que ya usa `cambiarEtapa` (`SELECT id FROM ofertas WHERE id = ... FOR UPDATE`, crm.service.ts:2254) sobre la oferta DESTINO, recontar ahi dentro contra `oferta.cuposMaximos` Y contra `cobertura.cuposMaximos`, y solo entonces escribir. Cuando exista el contador materializado de G-05, sustituir el reconteo por el UPDATE condicional con `rowCount = 1`. Y pasarle `conveniosQueMuevenInscrito(ambito.roles)` desde el controlador, igual que a `cambiarEtapa`.",M,CONFIRMADO EN CODIGO,"(a) Son SEIS, no cuatro: faltan `crm/rui/rui.service.ts:322` e `instituciones/web/web.service.ts:157`, ambos `FOR UPDATE SKIP LOCKED` para tomar trabajo de cola. No cambia la conclusion (ninguno bloquea una oferta), pero el censo esta mal y el ADR de orden de candados que el propio hallazgo propone "
C-06,C-historial,La bitácora no es inalterable: la aplicación es dueña de la tabla y puede borrarla entera,INV-3,CRITICO,,MEDIA,"Una bitácora que el propio sistema auditado puede reescribir no prueba nada. Si alguien discute un dato reportado al SENA, la defensa «así lo dice el registro» se cae en cuanto se pregunte quién puede editar el registro. Y una migración desatendida ya demostró que puede modificarla en masa sin que nadie apruebe nada.","`grep -rniE ""revoke|grant |row level security|rls"" backend/prisma/migrations/` → 0 · `grep -rniE ""create (or replace )?(trigger|function)|create rule"" backend/prisma/migrations/` → 0 · backend/.env.example:9,17 (POSTGRES_USER=reservasae, mismo rol en DATABASE_URL) · docker-compose.yml:29-33 · backend/prisma/migrations/20260828120000_una_sola_grafia_de_entidad/migration.sql:19-32","Separar roles en la base: un rol `app` con INSERT y SELECT sobre las tablas de bitácora y sin UPDATE/DELETE/TRUNCATE (`REVOKE UPDATE, DELETE, TRUNCATE ON registros_auditoria FROM app`), y el rol dueño reservado para migraciones. Añadir un trigger `BEFORE UPDATE OR DELETE ... RAISE EXCEPTION` como segunda barrera, que también frena al dueño distraído. Y separar la conexión de la aplicación de la de migraciones: hoy son la misma cadena.",M,CONFIRMADO EN CODIGO,"Falso para valores_anteriores, y la remediación rompería una función viva. El código hace UPDATE sobre valores_anteriores en operación normal: restablecerValor marca restauradoEn y restauradoPorId cada vez que un administrador deshace un cambio, y esa función está expuesta en el frontend. Si se apli"
C-10,C-historial,"Borrar un participante se lleva su historial de valores por cascada, y no hay papelera",INV-1,CRITICO,,MEDIA,"El mecanismo para deshacer se destruye junto con lo que habría que deshacer. Un borrado por error es irreversible, y de la ficha desaparecida solo queda un resumen en texto libre con el documento tapado. INV-2 (apagar sí, borrar no) no tiene dónde apoyarse: no existe `archivadoEn` ni papelera.","backend/prisma/schema.prisma:1914 (participante ... onDelete: Cascade) · backend/src/crm/crm.service.ts:1750-1756 · backend/src/crm/crm.service.ts:1775-1788 · backend/prisma/migrations/20260823064205_crm_canales_rui_y_auditoria/migration.sql:94 (registros_auditoria: única FK, adminId, SetNull)","Sustituir el borrado físico por archivado reversible (`archivadoEn`, `archivadoPorId`), que es lo que INV-2 pide y para lo que la casa ya tiene precedente: el índice único parcial de `politicas_datos_una_vigente`. Si el borrado físico ha de conservarse para algún caso, cambiar la FK de `valores_anteriores` y `movimientos_participante` a `SetNull` sobre una columna nullable, o copiar las filas a una tabla de bitácora sin FK antes de borrar. La tabla append-only de C-16 no debe tener NUNCA una FK a la entidad que audita: es lo que hoy salva a `registros_auditoria` y hay que conservarlo.",L,CONFIRMADO EN CODIGO,"Faltan dos mitigaciones que el agente no miró. (1) La ruta exige @Roles(RolAdmin.SUPERADMIN) además de @Requiere('inscripciones','ESCRIBIR'), no es un borrado al alcance de un gestor. (2) Lo que se borra es la PARTICIPACIÓN, no la persona: Persona está protegida por Restrict y sobrevive con sus auto"
D-01,D-papelera,"El participante se borra de verdad, y se lleva su propio historial","INV-1, INV-2, INV-3",CRITICO,,MEDIA,"Se pierde la ficha, sus notas de gestion, sus movimientos de etapa, su avance en el aula, sus propuestas de datos, su rastro en campanas y su historico de valores. Preguntar «que decia el correo de Fulano antes de que se lo cambiaran» deja de tener respuesta, y deshacer una correccion equivocada deja de ser posible. La huella de auditoria sobrevive, pero apunta a un entidadId que ya no existe.","backend/src/crm/crm.service.ts:1746-1755 (el delete) · backend/src/crm/crm.controller.ts:415-424 (DELETE :id, @Roles SUPERADMIN) · cascadas hacia Participante en backend/prisma/schema.prisma:573, 674, 989, 1027, 1216, 1617, 1832, 1914","MODELO CONCRETO, columnas ortogonales, NO un valor mas del enum EtapaParticipante:    archivadoEn     DateTime?   archivadoPorId  String?   archivadoMotivo String?   archivadoPor    Admin? @relation(""Archivadores"", fields:[archivadoPorId], references:[id], onDelete: SetNull)   @@index([convenioId, archivadoEn])  Las mismas cuatro en leads_entrantes.  POR QUE ORTOGONAL Y NO UN ESTADO DEL ENUM (alternativas descartadas): (a) EtapaParticipante.ARCHIVADO -- pisa la etapa anterior, asi que se pierde si estaba INSCRITO o INTERESADO, que es lo que hace falta para restaurar; ademas cambia en silencio el resultado de todas las consultas que filtran etapa: { in: ... } (etapas.ts:30, 45, 52) y de OCUPAN_SILLA. Descartada. (b) archivada Boolean, como Pregunta/Opcion (schema.prisma:445, 473) -- no dice cuando, ni quien, ni por que, y la papelera necesita las tres para ordenar, buscar y explicar. Descartada. (c) Tabla papelera aparte con la fila serializada -- rompe las FK, deja huerfanos a los hijos y convierte la restauracion en un merge manual. Descartada. Se elige el timestamp anulable porque es el unico que sirve de predicado en un indice unico PARCIAL (WHERE ""archivadoEn"" IS NULL), que es lo que pide el punto 5.  TRANSICIONES: VIVO -> ARCHIVADO exige motivo no vacio y deja MovimientoParticipante (etapaAntes = etapaDespues, nota = motivo) mas RegistroAuditoria. ARCHIVADO -> VIVO exige que ningun indice unico parcial choque, y deja las mismas dos huellas. Ninguna transicion borra. borrarParticipacion() se convierte en archivarParticipacion(); el DELETE fisico desaparece del controlador. Si alguna vez hace falta purga definitiva, va en un guion aparte con guardia de base, retencion minima y por lote, nunca en un endpoint. Y de paso: el return de :1790-1793 devuelve documento: p.persona.numeroDocumento en claro, cuando la propia huella lo tapa con taparDocumento dos lineas antes (:1783). Al reescribir, taparlo tambien aqui.",L,CONFIRMADO EN CODIGO,"Falso, y la propia auditoria se contradice: en D-11 y D-12 cita cuatro borrados fisicos mas. El censo completo de backend/src son 18 `.delete(`/`.deleteMany(` vivos, y al menos cinco son de entidades de negocio distintas de Participante. El mas llamativo esta dentro de lo que la auditoria pone en `q"
E-02,E-calendario,Reprogramar un grupo no deja historial y abandona una fechaMatricula falsa que sí viaja al SENA,INV-3,CRITICO,,MEDIA,"Un dato que se le reporta al Estado —el rango de edad del participante— queda calculado contra una fecha que ya no es la del grupo, y no hay ningún rastro que permita descubrirlo ni explicarlo. Reconstruir qué pasó exige acordarse, que es exactamente lo que INV-3 y INV-10 prohíben.",backend/src/cronograma/cronograma.service.ts:160-168; backend/src/crm/matricula.ts:97; backend/src/crm/sep/formato-cargue-sep.ts:97-101,"Dos cosas separadas. Primera: guardar la reprogramación como hecho (tabla `movimientos_grupo` con fechaAnterior, fechaNueva, motivo, actor) — es el mismo patrón de `MovimientoParticipante`, que ya existe y funciona. Segunda: al mover fechaInicio, reconciliar a los participantes afectados —recalcular `fechaMatricula` o, si ya se reportó al SEP, dejar una fila que diga que divergen— y avisar en la respuesta cuántos quedan tocados. Antes de implementarlo hay que preguntarle al dueño qué manda cuando el grupo ya se cargó al SEP: eso cambia lo que se le reporta al SENA y la ficha obliga a escalar.",L,CONFIRMADO EN CODIGO,
F-02,F-reservas,Cancelar y editar leen la reserva ANTES de tomar el candado: dos cancelaciones a la vez fugan cupos,INV-4,CRITICO,,MEDIA,"El contador Oferta.cuposOcupados pierde cupos que nadie tiene: la oferta aparece mas llena de lo que esta y se dejan sillas vacias en un programa cuyo entregable son las sillas ocupadas. Es descuadre silencioso -ningun CHECK lo ve, ningun job lo reconcilia (00-mapa-actual.md:382 confirma que no hay job de reconciliacion)- y solo se descubre corriendo a mano la consulta de descuadres de backend/prisma/borrar-reservas.ts:95-100. Detonante realista: doble clic en el boton de cancelar de la pantalla publica (frontend/src/components/consulta-reservas.tsx:147), o un reintento de red. La probabilidad es MEDIA y no ALTA solo porque la ventana es estrecha; el impacto cuando ocurre es permanente porque nada lo corrige.","backend/src/reservas/reservas.service.ts:229 (lectura sin lock) frente a :234 (candado) · :230-232 (guardia sobre lectura obsoleta) · :237 (moverContador con valor obsoleto) · :441-456 (reservaDeLaEmpresa: findUnique pelado, sin FOR UPDATE) · editar: :164 frente a :173, y el techo obsoleto en :181-184 · el UPDATE condicional de :369-380 solo cubre 0 y el tope","Tomar la fila de la reserva con el mismo candado, dentro de la transaccion y despues del FOR UPDATE de la oferta (siempre en ese orden, oferta primero, para no invertir el orden de bloqueo y crear un interbloqueo): SELECT ""estado"", ""cuposConfirmados"", ""cuposEnEspera"" FROM ""reservas"" WHERE ""id"" = $1 FOR UPDATE, y calcular el delta con lo que devuelva ESA lectura. Alternativa mas barata y suficiente: mover reservaDeLaEmpresa a despues de bloquearOferta y releer. Anadir a backend/prisma/prueba-carga.ts el caso que hoy falta: N cancelaciones simultaneas de la misma reserva, comprobando que cuposOcupados queda identico a antes de la primera. Hoy la prueba solo cancela una vez, secuencialmente (:169-191).",M,CONFIRMADO EN CODIGO,"CITA EQUIVOCADA Y DETONANTE EQUIVOCADO. consulta-reservas.tsx:147 no es un boton: es `await api.cancelarReserva(reserva.id, nit)` dentro de la funcion cancelar(). El boton esta en :217 y lleva `disabled={ocupado}`, con `setOcupado(true)` en :145 antes de la llamada, y ademas hay un `window.confirm` "
G-01,G-cupos,El CUARTO camino: `cancelarReserva` del tablero decide con un valor leido fuera de la transaccion,INV-4,CRITICO,,MEDIA,"Sobrecupo real e invisible. La base sigue diciendo `cuposOcupados <= cuposMaximos` mientras `SUM(cuposConfirmados)` ya lo supera: no hay excepcion, no hay log, no hay alerta. Se descubre el dia del curso, con mas empresas citadas que sillas. Y el descuadre es permanente: nada lo recalcula.","backend/src/tableros/tableros.service.ts:1118 (lectura fuera de tx), :1151 (decision con el objeto viejo), :1155 (candado sin relectura), :1157-1162 (decrement no condicional)","Copiar el patron de reservas sin inventar otro. Dentro de la transaccion, despues del `FOR UPDATE` de :1155, RELEER la reserva con `tx.reserva.findUnique` y decidir con esa fila (salida temprana por estado y valor del decremento). Sustituir el `decrement` de :1159-1162 por una llamada al mismo UPDATE condicional de `reservas.service.ts:369-380` con comprobacion de `rowCount === 0` -> 409. Mejor aun: extraer `bloquearOferta` + `moverContador` a un colaborador compartido (por ejemplo `reservas/contador-de-cupos.ts`) e inyectarlo en `TablerosService`, para que exista UN solo escritor del contador en todo el backend.",M,CONFIRMADO EN CODIGO,"El defecto no es exclusivo del tablero: DOS de los tres caminos «buenos» tienen exactamente el mismo fallo. En `editar`, la reserva se lee en :164 con `reservaDeLaEmpresa`, que es un `findUnique` PELADO sin `FOR UPDATE` (:441-456), y el candado de la oferta se toma DESPUES, en :173; el `techo` (:181"
A-02,A-webhook-leads,Un cruce por CORREO o CELULAR marca el lead CONVERTIDO y lo ata a la ficha de otra persona,INV-7,ALTO,CRITICO,ALTA,"Es el escenario que el propio comentario del archivo describe y que el codigo no evita: «una empresa pone el correo de la secretaria en veinte formularios» (`cruzar-con-el-crm.ts:80-82`). Los veinte leads se marcan CONVERTIDO contra la ficha de la secretaria; diecinueve personas reales quedan sin ficha, sin asesor y sin rastro visible (por A-01). Ademas se escribe en la ficha ajena: `ToqueDeOrigen` (`leads.service.ts:354-358`) y `Participante.origenLead` (`:364-367`). Con eso la metrica de coste por inscrito atribuye a una sola persona veinte toques de pauta.",backend/src/leads/cruzar-con-el-crm.ts:93 (`firme: false` por correo) contra backend/src/leads/leads.service.ts:342-346 (se escribe CONVERTIDO y participanteId sin mirar `firme`),"Ramificar por `coincide.firme`. Solo `DOCUMENTO` puede escribir `estado: 'CONVERTIDO'` y `participanteId`. Para CORREO y CELULAR el lead se queda PENDIENTE con `motivo` explicando el posible duplicado y un campo nuevo tipo `posibleParticipanteId` (sin `@unique`), para que el asesor confirme o descarte desde la mesa de entrada de A-01. Los `ToqueDeOrigen` y `origenLead` sobre ficha ajena tambien deben esperar a esa confirmacion.",M,CONFIRMADO EN CODIGO,"Imposible, y lo demuestra el propio A-03 de esta auditoria. `leads_entrantes_participanteId_key` (migration.sql:45, schema.prisma:783) admite UN solo lead por participante. El lead numero 1 se marca CONVERTIDO; del 2 al 20, el `tx.leadEntrante.update` de `leads.service.ts:339-349` viola el indice, P"
A-06,A-webhook-leads,"Las llaves de deduplicacion se normalizan en el webhook y NO en el CRM ni en preinscripcion: el cruce falla por mayusculas, por indicativo y por puntos",INV-7,ALTO,,ALTA,"Respondiendo a la pregunta: el documento SI se normaliza en el webhook pero NO en preinscripcion; el correo se pasa a minusculas solo en el webhook; y el celular NO queda en E.164 —`normalizarCelular` devuelve diez digitos nacionales y quita el `57` solo si la cadena mide exactamente doce (`comun/celular.ts:27`)—. Consecuencias concretas: una ficha con `Juan@Empresa.com` no cruza con el lead `juan@empresa.com`; una ficha con `+57 300 123 4567` no cruza con `3001234567`; y la llave que el sistema llama firme se parte en dos, porque `1.019.456.782` tecleado en preinscripcion y `1019456782` llegado por webhook son dos filas distintas para `@@unique([tipoDocumentoSepId, numeroDocumento])`. El mismo humano por dos canales se duplica, y ese duplicado es justo el que la migracion decia imposible («por lo que no existe pantalla de fusionar duplicados», `migrations/20260828090000_mesa_de_entrada_de_leads/migration.sql`).",backend/src/leads/leads.service.ts:399-403 (normaliza) contra backend/src/crm/crm.service.ts:1009-1010 y backend/src/preinscripcion/preinscripcion.service.ts:235 (no normalizan); backend/src/leads/cruzar-con-el-crm.ts:85 (igualdad exacta),"Una sola funcion de normalizacion por llave, llamada en TODOS los puntos de escritura de `Persona` (crm.crear, preinscripcion.registrar, carga masiva) y no solo en el webhook: `normalizarDocumento` obligatorio, correo a minusculas, celular a un formato unico. Migracion de datos para normalizar lo ya guardado antes de anadir el indice, porque al normalizar afloraran duplicados existentes que hoy conviven. Mientras tanto, `mode: 'insensitive'` en la busqueda por correo de `cruzar-con-el-crm.ts:85` tapa la mitad barata del agujero.",L,CONFIRMADO EN CODIGO,"Las tres citas estan desplazadas y la generalizacion sobra. `const documento = dto.numeroDocumento.trim();` esta en la linea **236**, no en la 235 (que esta en blanco). `celular: dto.celular` y `correo: dto.correo` estan en **285-286**, no en 277-278. Y `crm.crear` YA normaliza el documento (`crm.se"
A-09,A-webhook-leads,"El crudo NO se persiste, ni antes ni despues; y un campo extra hace perder el lead entero con un 400",INV-6,ALTO,,ALTA,"Lo que se pierde exactamente cuando falla: con firma invalida, todo, sin rastro de que alguien llamo. Con un campo extra —el dia que el orquestador anada `utm_campaign`— un 400 por lead y cero filas guardadas, en silencio para nosotros y con el emisor descartando o reintentando en bucle. Con un convenio no reconocido, `deMeta` avisa por log y devuelve 200 sin guardar (`:222-234`): el lead se pierde y Meta cree que lo entregamos, asi que no lo reenvia. No hay cuarentena, ni DLQ, ni tabla de crudos.",backend/src/leads/leads.service.ts:139 y :259-265; backend/src/main.ts:101-102; backend/src/leads/leads.controller.ts:173,"Tabla `evento_webhook_crudo` (cuerpo `rawBody` como `bytea` o texto, cabeceras, host, ip, resultado de la firma, recibidoEn) escrita ANTES de verificar firma y antes del pipe, con retencion acotada por proteccion de datos. Insertar ahi tambien lo rechazado. Y en la ruta del orquestador, exentar del `forbidNonWhitelisted` global (el propio `crm-plan.md:208` lo pide) para que un campo nuevo no cueste el lead.",L,CONFIRMADO EN CODIGO,
B-01,B-estructura-leads,El control de reparto de fichas se salta por la puerta de al lado: PATCH :id con {asesorId},INV-3,ALTO,,ALTA,"Un gestor se queda con las fichas del equipo o se las quita a otro. La brecha de «a quién llamar hoy» deja de decir la verdad. Por la vía de `crear`, la ficha queda a nombre de alguien que no la ve: ni la trabaja él ni sale en la lista de nadie, y el lead muere sin que ningún tablero lo señale.",backend/src/crm/crm.controller.ts:402 (sin `conveniosQueReparten`) contra backend/src/crm/crm.controller.ts:369-384 (con él); backend/src/crm/crm.service.ts:1206; backend/src/crm/crm.service.ts:1046; backend/src/crm/dto.ts:174,"Pasar `conveniosQueReparten(ambito.roles)` a `actualizar` y a `crear` desde el controlador, y rechazar `dto.asesorId` cuando el convenio de la ficha no esté en esa lista — el mismo 403 y el mismo texto que el lote. En `crear`, llamar a `exigirAsesorDelConvenio(dto.asesorId, dto.convenioId)` antes del `$transaction`.",S,CONFIRMADO EN CODIGO,"La cita señala otro campo: dto.ts:174-179 es `nivelEducativo`; `asesorId` de `ActualizarParticipanteDto` está en :185-190, con su `@Transform` de cadena vacía a null. Y el invariante está mal asignado en la mitad del hallazgo: por la vía de `PATCH :id`, el cambio SÍ queda registrado —`notaAsesor` se"
B-05,B-estructura-leads,"No hay máquina de estados: de once etapas, sólo dos reglas prohíben algo",NINGUNO,ALTO,,ALTA,"El historial de una ficha deja de ser un recorrido y pasa a ser una lista de estados sueltos. Nadie puede responder «¿cómo llegó aquí?» sin leer los movimientos uno a uno, y las fechas de salida contradicen los motivos de salida. Al no haber tabla, cada regla nueva se cuelga de un `if` y la siguiente persona no sabe cuáles hay.","backend/prisma/schema.prisma:711-725; backend/src/crm/escalera.ts:148-167; backend/src/crm/crm.service.ts:2203-2208, :2283-2301, :109-115","Escribir la tabla de transiciones permitidas como dato en `etapas.ts` —origen → destinos legales, una fila por etapa, con el motivo de cada veto— y que `motivoDeTransicionImposible` la consulte en vez de tener casos particulares. Aparte, decidir explícitamente qué pasa con `fechaRetiro` y `motivoSalida` al saltar entre salidas: o van juntos siempre, o se guarda una fila por salida.",L,CONFIRMADO EN CODIGO,Las dos citas apuntan a otro sitio. `motivoDeTransicionImposible` está en escalera.ts:156-176; las líneas 148-167 son el bloque de documentación de `esRegresoAlAula` más las primeras líneas de la función. Y crm.service.ts:2297-2299 es el final del comentario de `fechaMatricula` («…cambia de rango en
B-06,B-estructura-leads,"Dos usuarios sobre la misma ficha: la última escritura gana en silencio, y el historial miente",INV-5,ALTO,,ALTA,"Un asesor corrige el celular, otro corrige el correo en el mismo minuto, y una de las dos correcciones desaparece sin aviso — con el «Historial Logs» diciendo que las dos entraron. En etapa: dos movimientos que arrancan del mismo estado anterior, y no hay forma de saber cuál fue el real.",backend/src/crm/crm.service.ts:1099 vs :1297; :2074 vs :2252; :3362 vs :3532; :2094; backend/prisma/schema.prisma:863-953,"Mínimo viable: `SELECT ... FOR UPDATE` sobre la fila de `participantes` al principio de la transacción de las tres puertas, y mover la lectura de `p` dentro. Lo correcto a medio plazo: columna `version Int @default(0)`, devuelta en `obtener` y exigida en el PATCH, con `updateMany({ where: { id, version } })` y 409 si no cuadra — el mismo patrón que `reservas.service.ts:369-380` ya usa para los cupos.",L,CONFIRMADO EN CODIGO,"No es el mismo patrón, y llamarlo así puede llevar a quien lo implemente a creer que ya hay un precedente que copiar. reservas.service.ts:369-380 es un `UPDATE … WHERE ""cuposOcupados"" + delta <= ""cuposMaximos""`: una condición sobre el VALOR dentro de la propia sentencia, no un contador de versión. N"
B-07,B-estructura-leads,Descargar la base de cédulas no deja ni una línea de rastro,INV-3,ALTO,,ALTA,"Si mañana aparece la base de datos personales de los participantes por fuera, no hay forma de saber quién la sacó ni cuándo. Son cédulas, correos y celulares de colombianos bajo la Ley 1581: la obligación de poder demostrar el tratamiento no se cumple.",backend/src/crm/sep/sep.controller.ts:44-88 (sin auditoría en todo backend/src/crm/sep/); backend/src/crm/crm.service.ts:3840 y :3862-3864; backend/src/crm/crm.service.ts:88 y :333; backend/src/crm/dto.ts:334-338,"Añadir dos acciones al catálogo de `auditoria.service.ts:12-38` —una para el .xlsx del SEP y otra para el listado voluminoso— y registrarlas: actor, convenio, filtros usados y número de filas devueltas (nunca las filas). Poner `@Throttle` propio en `GET admin/participantes` cuando `limite > 50`, como ya lo tienen el login (admin.controller.ts:79) y las reservas.",M,CONFIRMADO EN CODIGO,"Falta una mitigación que el agente no miró, y hace bajar la probabilidad de las dos vías. (a) El .xlsx del SEP NO lo saca cualquiera: `SepController` lleva `@Roles(RolAdmin.SUPERADMIN, RolAdmin.GESTOR)` (sep.controller.ts:20) y la ruta sobreescribe con `@Requiere('reportes', 'ESCRIBIR')` (:45), con "
B-08,B-estructura-leads,La puerta pública guarda la cédula sin normalizar y sin validar: la llave de la persona deja de ser única,INV-7,ALTO,,ALTA,"La cadena se parte en el eslabón de la identidad. La misma persona queda duplicada según por dónde entró, cuenta dos veces contra la meta del SENA, recibe dos veces los correos, y la unicidad que el esquema promete no la protege. Corregirlo hacia atrás exige fusionar personas a mano, que es el trabajo más caro que hay.",backend/src/preinscripcion/preinscripcion.service.ts:236 y :1442-1446; backend/src/preinscripcion/dto.ts:37-41; contraste en backend/src/crm/crm.service.ts:909-922 y backend/src/comun/documento.ts:8-16,"En `preinscripcion.service.ts:236`, sustituir `.trim()` por `normalizarDocumento(...)` y llamar a `documentoValido(dto.tipoDocumentoSepId, numero)` antes del upsert, con el mismo mensaje que da el CRM. Es la misma pareja de funciones, ya importable. Y contar cuántas parejas de `Persona` difieren sólo en puntuación antes de tocar nada.",S,CONFIRMADO EN CODIGO,
C-02,C-historial,"5 de las 14 acciones del catálogo no las emite nadie, y su código sí existe",INV-3,ALTO,,ALTA,"El catálogo promete una cobertura que el código no da. Quien lea `ACCIONES` creerá que la creación de fichas y la asignación de asesor/grupo están auditadas, y no lo están. El sobrecupo autorizado —que es justo lo que hay que poder justificar ante el SENA— no deja fila de auditoría.","backend/src/comun/auditoria.service.ts:10-40 (catálogo) · crm.service.ts:1038 y preinscripcion.service.ts:328 (crear, sin auditoría) · crm.service.ts:3504-3531 (asignar: solo MovimientoParticipante) · crm.controller.ts:137 + directorio.service.ts:86 (alta manual NIT) · rui.service.ts:199","Dos caminos, y hay que tomar los dos. (a) Emitir las cinco donde corresponde: PARTICIPANTE_CREADO en las dos puertas de creación, ASESOR_ASIGNADO en `asignar()` y en la asignación masiva (crm.service.ts:2830), NIT_ALTA_MANUAL en directorio.service.ts:86, RUI_RECONSULTADO en rui.service.ts:197. (b) Poner una prueba que recorra `ACCIONES` y falle si alguna no tiene emisor — un catálogo sin emisor es documentación falsa, y hoy nada lo impide.",M,CONFIRMADO EN CODIGO,"Deja huella atribuible, solo que no en registros_auditoria. La creación desde el panel escribe un MovimientoParticipante con adminId, ip y la nota «Sobrecupo autorizado: <motivo>» en la misma transacción. La creación pública escribe el movimiento anidado. Y asignar() escribe adminId, ip y el motivo  || Las dos líneas son de otra cosa. `asignar()` (crm.service.ts:3353) asigna oferta, cobertura y sobrecupo — no asesor. Y crm.service.ts:2830 es el updateMany que pega `cargaId` a los participantes recién importados, dentro del cargue por pegado; no asigna asesor a nadie. El sitio real es asignarAsesor"
C-03,C-historial,El «Control de cambios» de una institución consulta 'Institucion' y las filas se guardan 'institucion': siempre sale vacío,INV-3,ALTO,,ALTA,"La pantalla de institución muestra siempre el estado vacío de «Control de cambios», con auditoría escrita y guardada detrás. Es peor que no tener bitácora: enseña «no hubo cambios» donde sí los hubo, y la propia migración documenta que media historia se ve igual de completa que toda. Además convierte a `RegistroAuditoria` en una tabla de solo escritura: es su ÚNICO lector real en todo el backend.","backend/src/comun/auditoria.service.ts:138 (`historial(entidad: string, ...)`) · backend/src/instituciones/instituciones.service.ts:209 (`this.auditoria.historial('Institucion', id, 50)`) · backend/src/instituciones/instituciones.service.ts:280 (`entidad: ENTIDADES.INSTITUCION`) · backend/src/comun/auditoria.service.ts:60 (`INSTITUCION: 'institucion'`) · backend/prisma/migrations/20260828120000_una_sola_grafia_de_entidad/migration.sql:25-26 · frontend/src/app/admin/instituciones/[id]/page.tsx:825,843","Cambiar la firma a `historial(entidad: Entidad, entidadId: string, limite = 100)` — con eso el literal `'Institucion'` deja de compilar y el compilador encuentra este fallo y cualquier futuro. Corregir el llamador a `ENTIDADES.INSTITUCION`. No hace falta migración de datos: las filas ya están normalizadas.",S,CONFIRMADO EN CODIGO,
C-04,C-historial,"El cargue masivo audita con entidadId: 'cargue-masivo', un id que no es de ninguna entidad",INV-3,ALTO,,ALTA,"El camino de escritura más peligroso del sistema —el que Fase 0 marcó como hallazgo crítico nº1 porque descuadra el aforo en silencio— es también el que menos rastro recuperable deja. Ante un descuadre de cupos, la bitácora no puede decir qué reservas cambió el .xlsx ni desde qué valores.","backend/src/plantillas/plantillas.service.ts:316-327 (entidadId: 'cargue-masivo') · backend/src/plantillas/plantillas.service.ts:407-414 (entidadId: 'cargue-masivo') · backend/src/comun/auditoria.service.ts:139-141 (where: { entidad, entidadId })","Una fila de auditoría POR entidad tocada, con su `entidadId` real y sus `camposTocados`, dentro del mismo bucle que escribe. Si se quiere conservar el resumen del lote, que sea una fila ADICIONAL sobre una entidad nueva `CARGA` con el id real de `CargaDeParticipantes`, no un literal. Con la tabla por trigger de C-16 esto sale gratis: el trigger no sabe de lotes, escribe fila por fila.",S,CONFIRMADO EN CODIGO,
C-07,C-historial,"RegistroAuditoria no guarda antes/después, y el plan del proyecto sí lo exigía",INV-3,ALTO,,ALTA,"La bitácora responde «se tocó el correo» y nunca «decía esto y pasó a decir aquello». Para reconstruir hay que ir a `valores_anteriores`, que solo cubre participantes y solo 20 campos (ver C-09 y C-11). Para empresas, instituciones, reservas, políticas y permisos no hay ningún antes/después en ninguna tabla.","docs/crm-plan.md:148 (`antes Json?`, `despues Json?`) · backend/prisma/schema.prisma:1553-1580 (sin ninguna de las dos; `grep -n ""antes|despues"" schema.prisma | grep -i json` → 0) · backend/src/comun/auditoria.service.ts:102 (camposTocados) · backend/src/crm/crm.service.ts:2329 (el antes/después metido en el texto de `resumen`)","Añadir `antes Jsonb?` y `despues Jsonb?` a la tabla append-only de C-16, con la política de redacción aplicada al escribir: los campos de la lista SENSIBLE se sustituyen por un centinela, los demás van con su valor. La regla de «sin PII dentro» se cumple redactando campo a campo, no vaciando la columna para todos. Migración expand-only: dos columnas nullable, nada que reescribir.",M,CONFIRMADO EN CODIGO,"docs/crm-plan.md:148 enumera las columnas del modelo y NO incluye camposTocados: pide adminId?, actorNombre, accion, entidad, entidadId, convenioId?, resumen, antes Json?, despues Json?, ip, userAgent, creadoEn. La implementación no se quedó con «la mitad»: sustituyó el mecanismo (JSON antes/después"
C-09,C-historial,El enlace público reescribe 13 campos de identidad sin dejar ValorAnterior ni auditoría,INV-3,ALTO,,ALTA,"Corregir «Perez → Pérez» y sustituirle la identidad a un lead se ven idénticos — es el argumento textual de `clase-de-dato.ts:32-38` para historiar los nombres. Por la puerta pública ni siquiera se ven: no queda nada. Con solo la URL se puede reescribir la identidad completa de una persona sin dejar ni el valor viejo ni una fila de auditoría, y esa identidad es la que se reporta al SENA.","backend/src/preinscripcion/preinscripcion.service.ts:795-830 (los 13 campos y el update sin histórico) · backend/src/preinscripcion/preinscripcion.service.ts:1156-1170 (el arreglo, solo para empresaNit) · backend/src/crm/crm.service.ts:2515-2521 (aceptar propuesta, sin valorAnterior) · backend/src/crm/crm.service.ts:1244-1277 (la única ruta que sí lo escribe)","Encauzar las tres puertas por un único punto de escritura de `Persona`/`Participante` que calcule `valoresQueSeVan()` antes del update y registre siempre — hoy `actualizar()` (crm.service.ts:1244) ya hace exactamente eso y es el modelo a copiar. Alternativa estructural, y mejor: el trigger de C-16 captura las tres sin tocar ninguna de ellas, porque no depende de por qué puerta se entró.",M,CONFIRMADO EN CODIGO,
C-11,C-historial,No se puede reconstruir el estado de un lead en una fecha dada,INV-3,ALTO,,ALTA,"La respuesta a «¿qué decía esta ficha el 15 de marzo, cuando se reportó al SENA?» es hoy una reconstrucción parcial que no se puede garantizar completa. Una reclamación de certificación llega años después —lo dice el propio comentario de `clase-de-dato.ts:47-48`— y no hay forma de probar qué se reportó.",backend/prisma/schema.prisma:1886-1918 (sin valor nuevo; FK a participanteId) · backend/src/crm/clase-de-dato.ts:22-73 (20 campos) y :79-82 (NUNCA_SE_HISTORIA) · backend/src/crm/crm.service.ts:1553-1567 (valorAnterior NULL si SENSIBLE) · backend/prisma/schema.prisma:955 y :875 (el agujero de unicidad),"Con `antes`/`despues` en JSONB por fila (C-07) y captura por trigger (C-16) la reconstrucción es exacta y no depende de listas blancas: `SELECT ... WHERE tabla='personas' AND fila_id=$1 AND ocurrido_en <= $2 ORDER BY ocurrido_en DESC LIMIT 1` devuelve el `despues` vigente en esa fecha. La lista blanca deja de ser el mecanismo de captura y pasa a ser solo la política de redacción de PII, que es su papel legítimo. Y la nueva tabla debe llevar `tabla` + `fila_id` en vez de una FK, con lo que el cambio de una `Persona` queda indexado por la persona y no por la ficha desde la que se entró.",L,CONFIRMADO EN CODIGO,"Son 19 campos, no 20: 6 CONTACTO (celular, correo, direccion, barrio, departamentoSepId, municipioSepId) + 6 IDENTIDAD + 4 FORMACION + empresaNit + 2 SENSIBLE. Y las «29 columnas de Persona» incluyen las 4 relaciones de Prisma (participaciones, autorizaciones, caracterizaciones, consultasRui): colum"
C-16,C-historial,"DISEÑO OBJETIVO · bitácora append-only escrita por trigger, con actor, origen, IP y antes/después en JSONB",INV-3,ALTO,,ALTA,"Sin esto, cada módulo nuevo vuelve a nacer sin auditoría y nadie lo nota hasta que hace falta.","`grep -rniE ""create (or replace )?(trigger|function)|create rule"" backend/prisma/migrations/` → 0 · docs/arquitectura/00-mapa-actual.md:122 (Triggers, funciones y vistas: 0) · docs/crm-plan.md:148 (el modelo que se especificó y no se implementó entero)","TABLA. `bitacora` append-only, sin ninguna clave foránea a entidades de negocio (es lo que hoy salva a `registros_auditoria` de las cascadas, C-10): id bigserial; ocurrido_en timestamptz default clock_timestamp(); tabla text; fila_id text; operacion text (INSERT/UPDATE/DELETE); antes jsonb; despues jsonb; campos_tocados text[] generado por la propia función; actor_id text; actor_nombre text; origen text (PANEL|ENLACE_PUBLICO|WEBHOOK|WORKER|MIGRACION|SQL_MANUAL); ip inet; user_agent text; txid bigint default txid_current(). Índices: (tabla, fila_id, ocurrido_en DESC) y (ocurrido_en). Particionada por mes desde el primer día — repartirla después con datos dentro es la migración cara que el plan advierte.  CONTEXTO. Un interceptor de NestJS emite `SET LOCAL app.actor_id/app.actor_nombre/app.origen/app.ip/app.user_agent` al abrir la transacción. La función del trigger los lee con `current_setting('app.actor_nombre', true)`; cuando vuelven NULL —que es el caso del SQL manual y de las migraciones— escribe origen SQL_MANUAL y `session_user`. Ese es el punto: INV-3 se cumple porque lo NO instrumentado también queda, etiquetado como tal.  FUNCIÓN. Una sola `fn_bitacora()` en plpgsql, AFTER INSERT OR UPDATE OR DELETE FOR EACH ROW, aplicada tabla por tabla. Redacción de PII dentro de la función, no en el llamador: una tabla de configuración `bitacora_campos_sensibles(tabla, campo)` cuyos campos se sustituyen por el centinela '[SENSIBLE]' en `antes` y `despues`, sembrada con las dos caracterizaciones de `clase-de-dato.ts:71-72` y con numeroDocumento/tipoDocumentoSepId de `NUNCA_SE_HISTORIA`. Así la política de privacidad sigue viviendo en UN sitio, como hoy, pero deja de ser también el mecanismo de captura.  INMUTABILIDAD. Trigger `BEFORE UPDATE OR DELETE ON bitacora ... RAISE EXCEPTION`, más `REVOKE UPDATE, DELETE, TRUNCATE ON bitacora FROM <rol_app>` (C-06). El rol de la aplicación deja de ser el dueño del esquema; las migraciones usan una conexión aparte.  RETENCIÓN Y ANONIMIZACIÓN. ADR previo (C-12) con el plazo que fije el contrato con el SENA. La fila NUNCA se borra: se anonimiza en sitio —actor_nombre, ip, user_agent y los valores de `antes`/`despues` a centinelas, conservando ocurrido_en, tabla, fila_id, operacion y campos_tocados— mediante una función SECURITY DEFINER que es la única excepción al candado y que deja su propia fila. Las particiones antiguas se anonimizan enteras, que es barato y es la razón de particionar.  ORDEN DE ADOPCIÓN, no destructivo (INV-8). Expand: crear tabla, función y triggers sobre las tablas de la cadena de INV-7 más `administradores` y `politicas_datos`, con `registros_auditoria` intacta y ambas escribiendo. Migrate: mover los lectores —los tres de C-14— a la tabla nueva y arreglar de paso C-03. Contract: retirar las llamadas a `registrar()` que ya cubra el trigger, dejando el servicio solo para lo que un trigger no puede saber, que es real y hay que conservar: `SITUACION_LABORAL_DECLARADA` registra algo que NO se guarda en ninguna columna (auditoria.service.ts:23-32) y por tanto ningún trigger lo verá.  VERIFICACIÓN. Una prueba que, contra base real, escriba por cada puerta —panel, enlace público, webhook, worker y psql directo— y exija una fila de bitácora en cada caso. Sin ella este diseño se degrada igual que el actual, y hoy no hay CI que la corra (hallazgo 3 de Fase 0).",XL,CONFIRMADO EN CODIGO,
D-04,D-papelera,Los 23 @@unique son totales: cuales rompen al archivar y volver a dar de alta,INV-2,ALTO,,ALTA,Archivar y volver a dar de alta falla con un error de clave duplicada sobre una fila invisible. El usuario ve «ya existe» senalando algo que no esta en pantalla. Es el fallo que convierte una papelera en una trampa.,"backend/prisma/schema.prisma:106, 122, 148, 167, 195, 249, 303, 460, 477, 501, 552, 577, 689, 791, 856, 955, 1049, 1099, 1237, 1400, 1664, 1840. Son 22 restricciones reales: el conteo de 23 de Fase 0 incluye la coincidencia de :966, que es un COMENTARIO que menciona @@unique, no una restriccion. Verificado con grep -n ""@@unique"" backend/prisma/schema.prisma.","VEREDICTO UNO POR UNO.  ROMPEN Y HAY QUE VOLVERLOS PARCIALES (WHERE ""archivadoEn"" IS NULL): - :791 LeadEntrante(origenSistema, externoId) -- el mas grave: ademas de bloquear el realta, ES la idempotencia de INV-5 (leads.service.ts:116-119). Ver D-05: no es un cambio inocente. - :955 Participante(accionFormacionId, personaId) -- archivar a alguien inscrito en una accion y volver a inscribirlo en la MISMA choca. Solo cuando accionFormacionId no es NULL (schema.prisma:875 lo declara anulable), que es el agujero que Fase 0 ya conoce. - :303 Reserva(empresaId, ofertaId) -- YA ROMPE HOY sin papelera; ver D-12. - :477 Opcion(preguntaId, valor), con archivada en :473 -- YA ROMPE HOY: archivar una opcion y crear otra con el mismo valor choca. - :460 Pregunta(formularioId, campoNucleo), con archivada en :445 -- YA ROMPE HOY: archivar la pregunta del campo nucleo CORREO y crear otra para el mismo campo choca. - :1400 Institucion(nit, razonSocial), con activo en :1390 («Se oculta sin borrarla, para no perder la traza») -- una institucion inactiva bloquea el alta de la misma. - :249 Empresa(nit) -- rompera el dia que Empresa entre en la papelera. - :106 AccionFormacion(convenioId, codigo), :148 Grupo(accionFormacionId, numero), :167 GrupoCobertura(grupoId, ubicacionId, modalidad), :195 Oferta(accionFormacionId, ubicacionId) -- romperan cuando el catalogo se archive; hoy no se archiva.  ROMPEN SOLO SI SE ARCHIVAN LOS HIJOS EN CASCADA, y por eso NO hay que archivarlos (ver D-06): - :577 AvanceActividad(participanteId, actividadId), :689 ToqueDeOrigen(participanteId, origen), :1049 CaracterizacionPersona(personaId, caracterizacionSepId).  NO ROMPEN Y NO HAY QUE TOCARLOS: - :856 Persona(tipoDocumentoSepId, numeroDocumento) -- ESTE DEBE SEGUIR TOTAL. Es la identidad unica del sistema y la razon documentada de que no exista pantalla de fusionar duplicados (20260828090000_mesa_de_entrada_de_leads/migration.sql). Hacerlo parcial permitiria dos personas con la misma cedula. Persona no se archiva: se anonimiza (D-08). - :1099 PoliticaDatos(convenioId, destinatario, version) -- la version sube; total es correcto. Su companero parcial es el modelo a copiar. - :122 Ubicacion(nombre, tipo), :501 Respuesta(reservaId, preguntaId), :552 Actividad(accionFormacionId, orden), :1237 AdminConvenio(adminId, convenioId, rol), :1664 AvisoDeCupos(coberturaId, fechaInicioGrupo), :1840 DestinatarioCampana(campanaId, correo).  De los 6 @unique en linea (:30 slug, :364 slug, :783 participanteId, :1118 esquema, :1139 correo, :1198 token), ninguno rompe para leads ni participantes; :1139 Admin.correo rompera si se archivan cuentas.  FORMA, calcada de migrations/20260814120000_politica_por_destinatario/migration.sql:19-21:   DROP INDEX ""participantes_accionFormacionId_personaId_key"";   CREATE UNIQUE INDEX ""participantes_una_viva_por_accion""     ON ""participantes""(""accionFormacionId"",""personaId"")     WHERE ""archivadoEn"" IS NULL;",M,CONFIRMADO EN CODIGO,"No la bloquea. Los dos unicos caminos vivos de alta de Institucion son `upsert` sobre `nit_razonSocial` con `update: { activo: true }`, asi que el indice unico nunca dispara: encuentra la fila apagada y la REVIVE. El fallo real es el contrario y es peor que el descrito, porque ya esta vivo hoy: cual || La colision existe, pero no sale como error de clave duplicada: los dos sitios de alta capturan P2002 y devuelven un ConflictException con texto para el asesor. El fallo real es que ese texto MIENTE: dice «Ya hay una opcion con ese valor en esta pregunta» / «Ese campo del sistema ya esta en el formu"
D-05,D-papelera,"Prisma no sabe declarar indices parciales, y el repo ya documenta que la siguiente migracion los borra sola","INV-5, INV-8, INV-10",ALTO,,ALTA,"El dia que alguien corra prisma migrate dev tras tocar cualquier tabla afectada, Prisma genera un DROP del indice parcial que no conoce y la unicidad desaparece sin que nadie se entere: dos politicas vigentes, dos fichas vivas de la misma persona en la misma accion, dos leads con el mismo externoId. Y como las migraciones corren solas en cada arranque del contenedor (arrancar.sh:29 segun Fase 0), se aplica sin que nadie lo apruebe.","backend/prisma/schema.prisma:971-973 («Lo creo su migracion y no estaba aqui: sin declararlo, la siguiente migracion lo borra sola») · unico parcial: backend/prisma/migrations/20260814120000_politica_por_destinatario/migration.sql:19-21, comprobado con grep -rn -A3 ""CREATE UNIQUE INDEX"" backend/prisma/migrations/*/migration.sql | grep -i where -> una sola coincidencia · backend/src/leads/leads.service.ts:116-119 y :243-248 usan origenSistema_externoId · backend/package.json:51,58 (prisma 6.19.3)","Tres piezas, las tres necesarias: (1) En schema.prisma, sustituir el @@unique por un @@index del mismo nombre y crear el indice parcial a mano en la migracion SQL, para que Prisma no lo borre por sorpresa. (2) Un guion dentro de pnpm db:guardia que consulte pg_indexes y falle si falta alguno de los indices parciales por nombre. Sin esto no hay forma de saber que se perdio: un indice que no esta no da error, solo deja pasar el duplicado. (3) Reescribir los dos sitios que dependen del tipo generado: leads.service.ts:116-119 pasa de findUnique({where:{origenSistema_externoId}}) a findFirst({where:{origenSistema, externoId, archivadoEn: null}}), y el upsert de :243-248 pasa a findFirst mas create DENTRO de una transaccion, con reintento sobre violacion de unicidad (P2002). Sin esto la idempotencia del webhook se rompe callando, que es peor que romperse gritando. Esto merece ADR propio: docs/adr/NNNN-borrado-logico-e-indices-parciales.md, con estas alternativas y por que se descartan las otras dos: bandera booleana sin indice parcial (permite duplicados invisibles) y unicidad garantizada solo en el servicio (es un if, y este proyecto ya sabe como acaba eso).",M,CONFIRMADO EN CODIGO,"`backend/arrancar.sh:29` ejecuta `prisma migrate deploy`, que solo APLICA ficheros de migracion ya escritos y confirmados: no genera SQL, no compara con schema.prisma y no hace correccion de deriva. El DROP que teme la auditoria solo llega a produccion si un desarrollador corre `prisma migrate dev`  || Es probable que cause exactamente la perdida que quiere evitar. `@@index` declara un indice NO unico. Con un indice UNICO PARCIAL de ese nombre en la base y un indice plano de ese nombre declarado en el esquema, la proxima `prisma migrate dev` reconcilia hacia el esquema: genera DROP y recreacion co"
D-06,D-papelera,"Archivar un participante toca el aforo, y nadie ha decidido en que direccion","INV-4, INV-2",ALTO,,ALTA,"O se bloquean inscripciones reales por sillas de fichas archivadas, o se abre un camino de sobrecupo silencioso: archivar-y-restaurar como forma de meter a alguien en un grupo lleno, sin autorizacion de sobrecupo y sin movimiento que lo cuente.","backend/src/crm/etapas.ts:30-34 y :11-13 · backend/src/crm/panel-de-cupos.ts:81, :84, :119, :209 · backend/src/crm/crm.service.ts:2265 · el lado de inscripcion no tiene garantia en base (docs/arquitectura/00-mapa-actual.md:328-333)","DECISION QUE PROPONGO, para el ADR: archivar EXCLUYE del aforo, y la transicion de archivado es una transicion del embudo, no un cambio de columna suelto. En concreto: archivar a alguien en etapa de OCUPAN_SILLA exige pasar antes por una etapa de salida (RETIRADO o PERDIDO) con su MovimientoParticipante, igual que hoy se exige para salir del cupo (crm.service.ts:2103-2108: «Deshacer es SALIR DEL CUPO, no moverse desde INSCRITO»). Y restaurar NO devuelve la etapa anterior automaticamente: devuelve la ficha en su etapa de salida, y volver a ocupar silla es una inscripcion nueva que pasa por la comprobacion de cupo que ya existe. Alternativa descartada: que archivar conserve la silla. Se descarta porque convierte la papelera en un almacen de aforo bloqueado que nadie ve, y el sistema ya sufrio eso. Alternativa descartada: que archivar libere la silla en silencio. Se descarta porque crea un camino de sobrecupo sin autorizacion, y el modelo ya tiene sobrecupoPorId y sobrecupoMotivo (schema.prisma:926-928) precisamente para que un sobrecupo conste. CONSECUENCIA A ACEPTAR: archivar deja de ser una accion barata; exige motivo y mueve el embudo. Es lo correcto: archivar a alguien inscrito ES una decision de negocio.",M,CONFIRMADO EN CODIGO,
D-07,D-papelera,"La auditoria no puede nombrar ni el lead ni el archivado, y se traga sus propios fallos",INV-3,ALTO,,ALTA,"La papelera pedida exige «auditoria de ambas acciones». Hoy la de restauracion no se puede escribir, la del lead tampoco, y la del participante puede perderse en silencio si la tabla de auditoria falla. Una papelera sin huella de quien archivo y quien restauro es peor que no tenerla: parece que hay control.","backend/src/comun/auditoria.service.ts:57-62 (ENTIDADES sin 'lead'), :10-40 (ACCIONES sin ARCHIVAR ni RESTAURAR), :116-131 (catch que solo loguea) · grep -rn ""CREATE TRIGGER|CREATE FUNCTION"" backend/prisma/migrations/ -> cero","(1) Anadir LEAD: 'lead' a ENTIDADES y 'PARTICIPANTE_ARCHIVADO', 'PARTICIPANTE_RESTAURADO', 'LEAD_ARCHIVADO', 'LEAD_RESTAURADO' a ACCIONES. Es una linea cada uno y no cuesta migracion, que es justo por lo que el catalogo vive en codigo (:7-9). (2) La huella del archivado NO puede ir fuera de la transaccion como la del borrado (crm.service.ts:1756-1774): alli tenia sentido porque el borrado ya era irreversible; aqui el archivado se puede revertir, asi que la escritura de auditoria va DENTRO de la misma transaccion y si falla, no se archiva. (3) Para INV-3 de verdad -- «incluso si se escribe por SQL directo» -- hace falta un trigger AFTER UPDATE OF ""archivadoEn"" sobre participantes y leads_entrantes que escriba en registros_auditoria. Seria el primer trigger del repo y merece su propio ADR: docs/adr/NNNN-auditoria-por-trigger.md. Alternativa descartada: confiar solo en la capa de aplicacion, porque el propio invariante dice explicitamente que no basta.",M,CONFIRMADO EN CODIGO,
D-11,D-papelera,Lo que el interesado escribe se borra desde rutas publicas sin sesion,"INV-6, INV-1",ALTO,MEDIO,ALTA,"Se pierde la secuencia de lo que la persona declaro, que es justo lo que la propia auditoria dice que tiene valor: el comentario de SITUACION_LABORAL_DECLARADA (auditoria.service.ts:22-33) explica que el valor esta en la secuencia y que con una sola entrada no se ve nada. Aqui se conserva una sola entrada. Y en caracterizaciones se borra una declaracion de dato sensible sin dejar constancia de que existio.","backend/src/leads/leads.service.ts:369-374 (propuestaDeDatos.deleteMany, camino del webhook) · backend/src/preinscripcion/preinscripcion.service.ts:957-961 (idem, ruta publica sin guard) · backend/src/preinscripcion/preinscripcion.service.ts:899-901 (caracterizacionPersona.deleteMany) · backend/prisma/schema.prisma:1035-1036 («Dato sensible (Ley 1581 art. 5)»)","No borrar: cerrar. PropuestaDeDatos ya tiene estado con EstadoPropuesta (schema.prisma:1608) y resueltoEn/resueltoPorId; basta marcar la anterior como reemplazada -- anadiendo un valor REEMPLAZADA al enum -- en vez de borrarla, y proteger «una pendiente por ficha» con un indice unico parcial ON propuestas_de_datos(""participanteId"") WHERE ""estado"" = 'PENDIENTE', que ademas convierte una regla de aplicacion en una garantia de base. Para caracterizaciones_persona, cerrar con vigenteHasta en vez de borrar, exactamente como hace politicas_datos, y dejar el @@unique([personaId, caracterizacionSepId]) (:1049) parcial sobre WHERE ""vigenteHasta"" IS NULL.",M,CONFIRMADO EN CODIGO,"Las dos mitades chocan con documentacion del propio esquema que la auditoria no leyo, y la segunda choca ademas con su propio D-08. (a) El modelo dice por que se borra: «Guarda valores y no solo nombres de campo, al reves que la auditoria: sin los valores no hay nada que aceptar. Por eso se borra al || Dos cosas. Primero, «sin sesion» solo vale para preinscripcion: leads.service.ts:371 se alcanza unicamente por el webhook, que SI lleva credencial — `LlaveDeLeadsGuard` en `POST /webhooks/leads`, o la firma HMAC de Meta en las rutas de Meta. La propia Fase 0 lo tabula asi. Segundo, y esto sube la se"
E-03,E-calendario,El calendario no gobierna la reserva: se puede reservar en un grupo cuyo cronograma ya cerró,INV-7,ALTO,,ALTA,"Una empresa aparta cupos por la web para un grupo que arrancó hace un mes, o cuya ventana de inscripción cerró, y el sistema se lo confirma. Esos cupos suman en `Oferta.cuposOcupados` y bloquean plazas reales que nadie podrá usar. La cadena de INV-7 se rompe en el paso agenda→reserva: la agenda dice que no y la reserva no la escucha. Y no hay forma de pararlo desde la aplicación, porque el cierre de oferta no tiene ruta de escritura.","backend/src/reservas/reservas.service.ts:48-49; backend/src/preinscripcion/preinscripcion.service.ts:81,202; backend/src/crm/crm.service.ts:1884","Mover la decisión a un solo sitio: que `POST /reservas` y `POST /preinscripcion/:slug` consulten `PanelDeCupos.deLaOferta` y respeten `motivo`, igual que ya hace `cambiarEtapa` —incluida la exención por `VENTANA_CERRADA` para quien vuelve al aula, que ya está resuelta ahí. En paralelo, abrir la ruta de escritura de `Oferta.abierta` (hoy no existe) para tener un cierre manual. Conviene un ADR: hoy hay dos respuestas distintas a «¿se puede entrar a esta oferta?» según por qué puerta se pregunte.",M,CONFIRMADO EN CODIGO,"Esa remediación rompe dos cosas que hoy funcionan. (1) `motivo = 'LLENO'` se calcula como `inscritosTotales >= total` (cupos.ts:99, usado en panel-de-cupos.ts:150), es decir contra PARTICIPANTES; si `POST /reservas` lo respeta, mata la lista de espera, que es deliberada: cuando no caben, `confirmado"
E-04,E-calendario,"La tabla del cronograma enseña todas las fechas reales un día antes, y la semilla lo tapa",NINGUNO,ALTO,,ALTA,"El cronograma es la pantalla desde la que se coordina con el SENA y con los coordinadores de sede. Todas sus fechas reales salen corridas un día, y la misma tarjeta se contradice consigo misma. Lo grave es por qué nadie lo ha visto: `prisma/seed/prueba.ts:373` siembra las fechas con `Date.UTC(ANO, 8, 1 + ..., 13)` —a las 13:00 UTC, no a medianoche—, y a las 13:00 UTC el día de Bogotá sí coincide. En demo y en pruebas se ve bien; sólo se rompe con datos tecleados de verdad.","frontend/src/components/admin/cronograma-vista.tsx:64-65, :390-391, :625","Borrar `fecha` y usar `comoDia` en :390, :391 y :625. Es el arreglo de una línea. Lo que hay que arreglar de verdad es la causa: que exista un solo formateador de fecha de calendario en el frontend, importado, no tecleado — es la misma lección que `dia-bogota.ts:11-16` ya dejó escrita para el backend. Y corregir la semilla a medianoche UTC, para que el entorno de prueba deje de tapar esta clase de fallo.",S,CONFIRMADO EN CODIGO,"Las dos citas están corridas. `fecha` está en :62-63, y :64-65 son el comentario y la definición de `paraCampo`. `paraCampo` está en :66, no en :36 — la línea 36 es el `return` de la función `ventanaDe` (:30-37). El resto del hallazgo sí se comprueba línea a línea: `comoDia` en :43-46 con su comenta"
E-05,E-calendario,"estadoDeGrupo compara un instante contra una fecha de calendario: EN_CURSO cinco horas antes, TERMINADO un día antes",NINGUNO,ALTO,,ALTA,"La píldora de estado del cronograma miente en las dos puntas, y `sinFechas`/`estado` es lo que se mira de un vistazo para saber qué grupos hay que atender. Lo mismo que E-04: la semilla escribe a las 13:00 UTC (`prisma/seed/prueba.ts:373`), y con esa hora el estado cambia a las 8:00 de Bogotá del día correcto. En demo se ve bien; con datos reales se equivoca siempre.",backend/src/cronograma/cronograma.service.ts:21-30 y :91,"Comparar días de Bogotá, no instantes: pasar `hoy` por `hoyEnColombia` (calendario-inscripcion.ts:47) y comparar contra `diaDeLaFecha(inicio)` y `diaDeLaFecha(fin)`, con `fin` inclusivo (`h > diaDeLaFecha(fin)`). Es la misma frontera que `ventanaDe` ya cruza bien. Y ponerle spec: `calendario-inscripcion.spec.ts` ya existe y es el molde.",S,CONFIRMADO EN CODIGO,"`diaDeLaFecha` NO está exportada: es `function diaDeLaFecha` privada del módulo (calendario-inscripcion.ts:55-57). La remediación tal como está escrita no compila; hay que exportarla —o, mejor para el dominio, usar `aDiaDeCalendario` de `comun/dia-bogota.ts:106-107`, que es la función que este repos"
E-06,E-calendario,Matricula pasa la gente al aula la tarde anterior a que arranque el grupo,NINGUNO,ALTO,,ALTA,"La tarde anterior al arranque, la cohorte entera desaparece de «Inscripciones» y aparece en «Seguimiento académico». El asesor que iba a rematar inscripciones esa tarde deja de ver a su gente donde la tenía. La `fechaMatricula` sí se graba bien —se toma del grupo, no de hoy (:97)—, así que el reporte al SENA no se ve afectado; el daño es operativo, no contractual.",backend/src/crm/matricula.ts:54 y :71,"Comparar el día de Bogotá y no el instante: filtrar por `fechaInicio <= HOY_BOGOTA` con la regla que `dia-bogota.ts:60-64` ya deja escrita para las fechas de calendario (`columna::date` a secas), o convertir `hoy` con `hoyEnColombia` antes de usarlo. Mismo arreglo conceptual que E-05, y conviene hacerlos juntos para que la regla quede en un solo sitio.",S,CONFIRMADO EN CODIGO,"`HOY_BOGOTA` es un `Prisma.sql` (dia-bogota.ts:48) y `pasarLosQueEmpiezan` filtra con el constructor de consultas de Prisma (`findMany` con `where`, matricula.ts:68-77), donde no se puede intercalar SQL crudo. Solo sirve la segunda alternativa que el propio hallazgo ofrece —convertir `hoy` con `hoyE"
E-07,E-calendario,"El vigía escribe avisos que nadie puede leer: no hay endpoint, ni pantalla, ni canal",NINGUNO,ALTO,,ALTA,"Es el único mecanismo que conecta el cronograma del grupo con una acción comercial: «al grupo 2 en Bogotá le faltan 17 cupos y la inscripción cierra el lunes», que es lo que permite liberar los turnos preferentes que la empresa no usó (vigia-de-cupos.ts:9-12). Hoy esa señal se calcula, se guarda y se pierde. El `log.warn` (:96) es el único sitio donde asoma, y nadie mira los logs. Los cupos se pierden en silencio, que es justo lo que el vigía existe para evitar.",backend/src/crm/vigia-de-cupos.ts:105-159; backend/src/crm/crm.module.ts:57,"Es lo más barato de arreglar y lo que más rinde en este dominio: un `GET admin/cronograma/avisos` que llame a `sinAtender(ambito.convenios)` —ya está escrito y ya filtra por convenio— y un `PATCH .../:id/atendido` sobre `marcarAtendido`. La pantalla puede ser una tabla. El envío por canal es otra conversación (y, según INV-9, va por outbox, no dentro de la transacción).",S,CONFIRMADO EN CODIGO,"La fila de `avisos_de_cupos` sí es letra muerta —eso es correcto y verificado—, pero la SEÑAL no se pierde: existe una cola de trabajo del calendario ya en pantalla. `consultaQueArrancan` lista todos los grupos que arrancan en los próximos 30 días con sus días restantes y sus inscritos (tablero-acad"
F-04,F-reservas,Tres caminos liberan o crean cupo sin promover la lista de espera,INV-4,ALTO,,ALTA,"Cupos libres con gente esperandolos. El caso mas comun es el (1), que es como cancela el equipo a diario: el gestor cancela desde el panel, el cupo vuelve a la oferta, y las empresas en LISTA_ESPERA siguen en espera hasta que alguien cancele por la via publica, que es el unico camino que si promueve. El caso (2) es peor de explicar: se amplia el cupo de un grupo, el sistema muestra sillas libres, y la cola no avanza. Y el caso (3) es el que ya senalo Fase 0 como hallazgo numero uno: ademas de no promover, descuadra el contador entero.",backend/src/reservas/reservas.service.ts:213 y :262 (las dos unicas llamadas) · backend/src/tableros/tableros.service.ts:1159-1187 (libera y no promueve) · backend/src/cronograma/cronograma.service.ts:250-262 (sube el tope y no promueve) · backend/src/plantillas/plantillas.service.ts:400-405 (escribe cupos y no promueve) · backend/src/plantillas/catalogo.ts:134-139 (cuposSolicitados es la unica columna sin soloLectura),"Sacar promoverListaDeEspera de ReservasService a una pieza compartida y llamarla desde los tres sitios, siempre dentro de la misma transaccion que ya tiene la oferta bloqueada. En (1) y (2) el candado ya existe (tableros.service.ts:1155, cronograma.service.ts:242), asi que es una linea en cada uno. En (3) hay que hacer antes el trabajo de fondo que pide el hallazgo 1 de Fase 0: meter el bucle en una transaccion con candado y hacerlo pasar por moverContador. Regla que conviene escribir en un ADR: todo camino que toque cuposOcupados o cuposMaximos termina llamando a promoverListaDeEspera.",M,CONFIRMADO EN CODIGO,"FALSO. La plantilla de reservas tiene CINCO columnas escribibles, no una: cuposSolicitados (catalogo.ts:134-139), contactoNombre (:140), contactoCargo (:141), contactoCorreo (:142) y contactoCelular (:143). Solo nit, organizacion y formacion llevan soloLectura (:131-133), y el filtro que las hace ef"
F-05,F-reservas,La promocion desde lista de espera ocurre en absoluto silencio: a la empresa promovida nadie la avisa,INV-7,ALTO,,ALTA,"La cadena se rompe justo donde importa: la empresa apartada pasa a tener cupo confirmado y no lo sabe. No se presenta, y el cupo se pierde igual que si nunca hubiera salido de la cola, con el agravante de que ahora si cuenta como ocupado y ya no esta disponible para nadie mas. Y la promocion es PARCIAL y REPETIBLE (reservas.service.ts:407, Math.min(libres, reserva.cuposEnEspera)): una empresa puede recibir 2 de los 5 cupos que pidio y quedarse con 3 en espera, un estado que ni siquiera se puede leer desde fuera sin entrar a /consulta. Se pierden sillas en un programa cuyo entregable contractual son las sillas ocupadas.","docs/crm-plan.md:209 (literal, verificado) · backend/src/reservas/reservas.service.ts:384-439 (la promocion entera: ni un envio) · backend/src/reservas/reservas.module.ts:9 (solo FormulariosModule) · backend/src/reservas/reservas.service.ts:1-17 (sin CorreoService, aun siendo @Global) · NO ENCONTRADO: grep -rn ""avisoDeCupos"" backend/src/reservas sin resultados","No mandar el correo desde dentro de la transaccion: seria justo la violacion de INV-9 que este dominio hoy no tiene. Insertar dentro de la transaccion solo la INTENCION -una fila en una tabla de envios pendientes, que es el Outbox que INV-9 pide y que 00-mapa-actual.md:187 confirma que no existe- y renderizar el cuerpo en un worker aparte. crm-plan.md:207 ya trae la decision tomada: idempotencia por MovimientoReserva.id con INSERT ... ON CONFLICT DO NOTHING, precisamente porque revivir una reserva cancelada repite la clave (ver F-06). El aviso tiene que decir las cantidades reales: cuantos se confirmaron y cuantos siguen en espera.",L,CONFIRMADO EN CODIGO,
F-08,F-reservas,La maquina de estados tiene tres valores y no puede expresar lo que el propio codigo produce,INV-10,ALTO,,ALTA,"Todo lo que se cuenta sobre reservas se cuenta mal. consultarPorNit suma cuposConfirmados de las no canceladas (:325-327) y a la empresa le sale un total que no distingue lo servido de lo pendiente. Los tableros agregan por estado con el indice @@index([ofertaId, estado]) (schema.prisma:304) y no pueden separar «confirmada entera» de «confirmada a medias». La empresa que ve CONFIRMADA en pantalla cree que tiene sus 5 cupos cuando tiene 2. Y la ausencia de INSCRITA es el hueco de INV-7: no hay forma de mirar una Reserva y saber si su gente llego a inscribirse; hay que ir a contar Participantes por reservaId (schema.prisma:960).","backend/prisma/schema.prisma:257-261 (los tres estados) · backend/src/reservas/reservas.service.ts:107, :194, :244, :414 (los cuatro sitios que escriben estado) · backend/src/tableros/tableros.service.ts:1170 (el quinto) · backend/src/reservas/reservas.service.ts:414 (marca CONFIRMADA en promocion parcial) · NO ENCONTRADO: grep -rniE ""SOLICITADA|EXPIRADA|NO_ASISTIO"" docs/ CLAUDE.md backend/src no devuelve nada","Antes de tocar el enum, escribir el ADR: la maquina de estados de la reserva no esta documentada en NINGUN sitio del repositorio y por eso hay dos implementaciones distintas de la reversa (F-02 y F-03). Con el ADR en la mano: separar el estado del reparto, que es la confusion de fondo. El estado es del ciclo de vida (SOLICITADA/CONFIRMADA/EXPIRADA/CANCELADA/INSCRITA/NO_ASISTIO); si hay cupos en espera se lee de cuposEnEspera > 0, que ya existe, no de un valor del enum. Anadir los valores con expand->migrate->contract (INV-8): en Postgres un valor nuevo de enum no se puede anadir dentro de una transaccion junto a su uso, y es exactamente el fallo del enum toques_de_origen que menciona 00-mapa-actual.md:39.",L,CONFIRMADO EN CODIGO,"FALSO, y es una severidad inflada sobre un camino que el auditor no abrio. La pantalla publica imprime las dos cantidades bajo la etiqueta: frontend/src/components/consulta-reservas.tsx:172-179 pinta «<N> cupos confirmados» y, si cuposEnEspera > 0, «y <M> en lista de espera». La empresa ve «Confirma"
F-09,F-reservas,"El dominio reservas no escribe una sola linea en RegistroAuditoria, y el actor administrativo se pierde",INV-3,ALTO,,ALTA,"No se puede responder a la pregunta «quien cancelo la reserva de esta empresa». MovimientoReserva dice que se cancelo y cuantos cupos volvieron, pero no si fue la propia empresa por la ruta publica o un gestor desde el panel, ni cual. Ante una reclamacion -y con cupos escasos y lista de espera las habra- no hay como reconstruirlo. INV-3 exige ademas que una escritura por SQL directo deje huella: aqui ni siquiera la escritura por el ORM la deja, porque el unico registro es un contador de cupos sin actor. Y adminId en la tabla sin nadie que lo escriba es peor que no tenerlo: quien lea el esquema creera que la trazabilidad existe.","NO ENCONTRADO: grep -rn ""auditoria|Auditoria"" backend/src/reservas/ no devuelve nada · backend/src/comun/auditoria.service.ts:10-40 (ACCIONES, sin ninguna de reserva) y :61 (ENTIDADES.RESERVA existe y no se usa desde reservas) · backend/src/plantillas/plantillas.service.ts:409-410 (accion PARTICIPANTE_EDITADO sobre entidad RESERVA) · backend/prisma/schema.prisma:331 (adminId) frente a los seis create de MovimientoReserva, ninguno lo escribe · backend/src/tableros/tableros.service.ts:1175-1183 (sin adminId, sin ip, sin userAgent) · NO ENCONTRADO: grep -rn ""AJUSTE_ADMIN"" backend/src sin resultados","Tres cosas, en orden de coste. Primera y barata: pasar el admin a cancelarReserva -ya lo tiene a mano en el controlador, tableros.controller.ts:116-117 recibe el ambito- y escribir adminId, ip y userAgent en el MovimientoReserva de :1175. Segunda: anadir RESERVA_CREADA / RESERVA_EDITADA / RESERVA_CANCELADA al catalogo de ACCIONES y llamar a AuditoriaService desde los cuatro caminos, corrigiendo de paso el PARTICIPANTE_EDITADO de plantillas.service.ts:409. Tercera, la que INV-3 pide de verdad y no se resuelve en el backend: un trigger en Postgres sobre reservas que escriba la huella pase lo que pase, tambien si alguien entra por psql. Hoy el repo tiene CERO triggers (00-mapa-actual.md:122) y esa es la brecha estructural de INV-3.",M,CONFIRMADO EN CODIGO,"DOS CUENTAS MAL, CONCLUSIONES BIEN. Son SIETE movimientoReserva.create, no seis -la propia lista del hallazgo enumera siete-. Verificado con grep sobre todo el repositorio, y confirmo que ninguno de los siete escribe adminId, incluidos los dos de la siembra (seed/prueba.ts:741-753 y :779-789). Y ACC"
G-02,G-cupos,Los CHECK acotan el contador pero no lo atan a la verdad: INV-4 no lo garantiza la base,INV-4,ALTO,,ALTA,"Cualquier hallazgo que desincronice el contador (G-01, G-09, G-11, o un UPDATE por psql) se convierte en sobrecupo sin sintoma. Es el multiplicador de todos los demas: por eso G-01 pasa de «bug de concurrencia» a «sobreventa que no dispara nada».","backend/prisma/migrations/20260729000000_modelo_inicial/migration.sql:388-390 y :396-412; backend/src/reservas/reservas.service.ts:96 y :181 (deciden leyendo el contador, no la suma)","Aceptar que el CHECK no puede cerrar esto y poner la red donde si se puede: (a) constraint DEFERRABLE no es opcion en Postgres para agregados, asi que la garantia real es un unico escritor (G-01) mas (b) una comprobacion de reconciliacion que REPORTA, con la consulta que ya existe en backend/prisma/estado.ts:44-51, ejecutada de forma periodica y con codigo de salida distinto de cero, no solo `console.log`. Documentar en un ADR que el CHECK acota y no cuadra: hoy ese matiz no esta escrito en ninguna parte y se esta leyendo como si cuadrara (CLAUDE.md:3145).",S,CONFIRMADO EN CODIGO,"La linea citada dice lo contrario de lo que se le atribuye. CLAUDE.md:3143-3147 describe los CHECK con precision: «`cuposOcupados` entre 0 y `cuposMaximos`, el reparto de una reserva nunca mayor que lo solicitado, y una reserva cancelada no retiene cupos». Es exactamente la acotacion, y en ningun mo"
G-05,G-cupos,"Inscripcion no tiene contador materializado, asi que no hay donde poner un CHECK",INV-4,ALTO,,ALTA,"Toda la defensa de la capa de inscripcion es un `if` en Node. Basta un escritor nuevo que no tome el candado (o un UPDATE por psql, INV-3) para que el aula se pase de gente sin que nada lo note.","backend/prisma/schema.prisma:153-169 (sin contador); grep de CHECK sobre backend/prisma/migrations: 17 constraints, ninguno sobre `grupos_cobertura` ni sobre `participantes` en clave de aforo","Cuatro capas, en este orden, reusando el patron de reservas y expand->migrate->contract (INV-8). CAPA 1, EXPAND: `ALTER TABLE grupos_cobertura ADD COLUMN ""sillasOcupadas"" INTEGER NOT NULL DEFAULT 0;` y `ALTER TABLE reservas ADD COLUMN ""sillasNominadas"" INTEGER NOT NULL DEFAULT 0;`. Relleno: `UPDATE grupos_cobertura g SET ""sillasOcupadas"" = (SELECT COUNT(*) FROM participantes p WHERE p.""coberturaId"" = g.id AND p.etapa IN ('INSCRITO','EN_FORMACION','CERTIFICADO'));` y el equivalente por `reservaId`. Solo DESPUES de que el relleno cuadre, los CHECK, calcados de `ofertas_cupos_dentro_del_tope`: `ALTER TABLE grupos_cobertura ADD CONSTRAINT cobertura_sillas_dentro_del_tope CHECK (""sillasOcupadas"" >= 0 AND ""sillasOcupadas"" <= ""cuposMaximos"");`, `ALTER TABLE grupos_cobertura ADD CONSTRAINT cobertura_cupos_coherentes CHECK (""cuposBase"" >= 0 AND ""cuposMaximos"" >= ""cuposBase"");` y `ALTER TABLE reservas ADD CONSTRAINT reservas_nominadas_dentro CHECK (""sillasNominadas"" >= 0 AND ""sillasNominadas"" <= ""cuposConfirmados"");` — este ultimo es el invariante de docs/crm-plan.md:30-36, por fin en la base. CAPA 2: un `moverSillas(tx, coberturaId, delta)` que es el gemelo de `moverContador` (reservas.service.ts:362-381): `UPDATE ""grupos_cobertura"" SET ""sillasOcupadas"" = ""sillasOcupadas"" + ${delta} WHERE ""id"" = ${id} AND ""sillasOcupadas"" + ${delta} >= 0 AND ""sillasOcupadas"" + ${delta} <= ""cuposMaximos""` con `rowCount === 0 -> ConflictException`, invocado dentro del candado que ya existe en crm.service.ts:2254 y del que hay que anadir a `asignar()` (G-03). CAPA 3, indice unico parcial, copiando el precedente de la casa (migrations/20260814120000_politica_por_destinatario/migration.sql:19-21): `CREATE UNIQUE INDEX ""participantes_una_silla_por_cobertura"" ON ""participantes""(""coberturaId"",""personaId"") WHERE ""etapa"" IN ('INSCRITO','EN_FORMACION','CERTIFICADO');` — cierra el doble conteo de la misma persona, que es el otro modo de inflar `sillasOcupadas`. Verificar contra base real que Postgres acepta el `IN` sobre enum en el predicado del indice; si no, expandirlo a tres `OR` de igualdad. CAPA 4: el job REPORTA y no corrige, segun vigilante-consistencia.md. Dos consultas nuevas junto a la de backend/prisma/estado.ts:44-51 — `SELECT g.id, g.""sillasOcupadas"", COUNT(p.id) FROM grupos_cobertura g LEFT JOIN participantes p ON p.""coberturaId"" = g.id AND p.etapa IN ('INSCRITO','EN_FORMACION','CERTIFICADO') GROUP BY g.id, g.""sillasOcupadas"" HAVING g.""sillasOcupadas"" <> COUNT(p.id);` y `SELECT r.id, r.""cuposConfirmados"", COUNT(p.id) FROM reservas r LEFT JOIN participantes p ON p.""reservaId"" = r.id AND p.etapa IN ('INSCRITO','EN_FORMACION','CERTIFICADO') GROUP BY r.id, r.""cuposConfirmados"" HAVING COUNT(p.id) > r.""cuposConfirmados"";` — umbral: cualquier fila es positivo, porque el descuadre correcto es cero y no «pocos». Ambas con codigo de salida distinto de cero y sin `UPDATE` de correccion.",L,CONFIRMADO EN CODIGO,"Dos remediaciones que rompen otra cosa. (1) El CHECK duro mata el SOBRECUPO AUTORIZADO, que es una funcionalidad deliberada y modelada: `Participante.sobrecupoPorId`/`sobrecupoMotivo` (schema.prisma:927-928), su CHECK de coherencia `(""sobrecupoPorId"" IS NULL) = (""sobrecupoMotivo"" IS NULL)` en migrat"
G-06,G-cupos,Bajar el tope: `actualizarCupos` no compara contra `cuposOcupados` — lo verifique y es cierto,INV-4,ALTO,,ALTA,"INV-4 se sostiene (la base rechaza), pero al operador le llega un 500 y la transaccion revienta sin decir por que. En la practica el admin reintenta, cree que la pantalla esta rota y acaba pidiendo que le toquen la base a mano — que es exactamente el camino sin auditoria de INV-3.","backend/src/cronograma/cronograma.service.ts:191-271 leido entero; :206-222 (compara contra cuposBase y _count, nunca contra cuposOcupados); :242 (candado despues de decidir); :259-262 (la escritura que dispara el CHECK); grep @Catch sobre backend/src: sin resultados","Anadir la tercera comprobacion amable ANTES, con la oferta ya bloqueada: dentro de la transaccion, tras el `FOR UPDATE` de :242, leer `cuposOcupados` y si `nuevoTope < cuposOcupados` lanzar `ConflictException` con el numero y el nombre de las empresas que lo apartaron. Y, en paralelo y como pieza propia, un `ExceptionFilter` global que traduzca las violaciones de CHECK de Postgres (codigo 23514) a 409 nombrando el constraint: hoy las 17 barreras de la base existen y ninguna sabe hablar.",S,CONFIRMADO EN CODIGO,"Sin objecion al hallazgo — lo verifique linea a linea y `Oferta.cuposOcupados` no aparece en el metodo. Un aviso sobre el coste de la remediacion que el audit no menciona: la unica prueba del metodo, backend/src/cronograma/cupos-editables.spec.ts, monta un doble donde `$queryRaw: () => Promise.resol"
G-16,G-cupos,"La prueba de concurrencia obligatoria (1, 50, 200) no se puede montar sobre `prueba-carga.ts` sin arreglar cuatro cosas primero",INV-4,ALTO,,ALTA,"Sin esto no hay veredicto vinculante posible sobre INV-4: cualquier «CUMPLE» seria un CUMPLE sin ejecucion, que es lo que la ficha de qa-invariantes prohibe explicitamente. Y peor: las tres formas de falso aprobado (429, pool agotado, serializacion accidental) dan todas el mismo resultado que un candado que funciona.","backend/prisma/prueba-carga.ts:99 (N fijo), :100-104 (Promise.all sin barrera), :102 (IP que desborda), :80-83 (fixture no determinista); backend/src/comun/throttler-ip.guard.ts:9-13 y backend/src/app.module.ts:30 (60/min por IP); backend/src/reservas/reservas.service.ts:153 (timeout 15 s)","Extender `prueba-carga.ts`, no reescribirla. (a) Fixture determinista: crear una oferta propia de prueba con `cuposMaximos = 1` y contador en 0, en vez de tomar la mas pequena que haya; asi «el ultimo cupo» es literal y el criterio «pasa exactamente una» es exacto para cualquier N. (b) N por argumento: `const N = Number(process.env.N ?? process.argv[2] ?? 1)`, y una envoltura que la corra con 1, 50 y 200 y falle si en alguna hay mas de una CONFIRMADA. (c) IP valida a cualquier escala: `10.${(i>>16)&255}.${(i>>8)&255}.${i&255}`, mas una asercion propia de que ninguna respuesta trae 429 —si la trae, la corrida es NO CONCLUYENTE, no un aprobado. (d) Barrera de salida real: construir las N promesas ya conectadas y liberarlas contra un unico `await barrera` compartido, con un agente HTTP de `keepAlive` y `maxSockets >= N`. (e) Subir `connection_limit` en la DATABASE_URL de la corrida por encima de N y DEJARLO ESCRITO en la salida del guion, para que se sepa contra que se midio. (f) Aserciones: exactamente una CONFIRMADA; `cuposOcupados === 1`; `SUM(cuposConfirmados) === cuposOcupados` (la de :140-144, que ya esta y es la buena); y ninguna respuesta 500. (g) Limpieza por RECALCULO, no por valor capturado (G-09). (h) La gemela de inscripcion, que hoy no existe: con sesion de admin, N `PATCH admin/participantes/:id/etapa` a INSCRITO en paralelo contra una cobertura con una sola silla —deberia pasar gracias a crm.service.ts:2254— y N `PATCH admin/participantes/:id/formacion` en paralelo contra la misma cobertura, que es la que TIENE QUE FALLAR HOY (G-03). Ensenar ese fallo antes de arreglar nada es el orden que pide qa-invariantes.md.",L,CONFIRMADO EN CODIGO,"Tres cosas. (1) El limite que gobierna la avalancha NO es 60/min: `POST /reservas` lleva su propio `@Throttle({ default: { limit: 10, ttl: 60_000 } })` (reservas.controller.ts:28), que sobreescribe el global de app.module.ts:30. El numero citado es el equivocado justo para el endpoint del que trata "
A-04,A-webhook-leads,"El webhook BORRA fisicamente propuestas de datos pendientes sin sesion, sin auditoria y sin revisar",INV-1,ALTO,CRITICO,MEDIA,"Borrado fisico de dato de negocio disparado desde una ruta que no lleva sesion. Si a las 10:00 entra un lead con el correo corregido de una persona y a las 10:05 entra otro con solo el celular, la correccion del correo desaparece sin haber sido leida. La regla «la ultima manda» es falsa cuando las dos propuestas hablan de campos distintos: no se sustituye, se pierde. Y no queda rastro de que existiera. Fase 0 ya lo contaba entre los tres borrados desde ruta publica; aqui queda claro que ademas es el mecanismo normal de operacion, no un caso de excepcion.",backend/src/leads/leads.service.ts:371-376,"No borrar: marcar la anterior como `SUSTITUIDA` (o `estado: 'DESCARTADA'` con `motivo`) y crear la nueva, o —mejor— fusionar campo a campo, ya que las propuestas no colisionan casi nunca. El indice unico parcial que Fase 0 senala como buen precedente (`migrations/20260814120000_politica_por_destinatario/migration.sql:19-21`) sirve tal cual para «una PENDIENTE por ficha» sin borrar nada.",S,CONFIRMADO EN CODIGO,"Tres cosas. (1) El dato NO se pierde: `PropuestaDeDatos.campos` es un derivado de `distintos`, y su fuente sigue entera en la fila del lead — `correo`, `celular`, `nombreCompleto` en columnas propias (`leads.service.ts:132-134`) mas `carga` (:139). Lo que se destruye es la TAREA pendiente, no la inf"
A-08,A-webhook-leads,"Carrera entre la comprobacion de idempotencia y el insert: 50 reintentos simultaneos dan 500, no 200",INV-5,ALTO,,MEDIA,"Respondiendo a la pregunta tal como se plantea: por la puerta de Meta, 3 reintectos y 50 se comportan bien (el `upsert` es idempotente de verdad y no pisa lo ya completado, `:252-253`). Por la puerta del orquestador, 3 reintentos SECUENCIALES tambien van bien, pero 50 SIMULTANEOS —o dos, si el emisor reintenta por timeout mientras la primera sigue viva— hacen que varios pasen el `findUnique` sin encontrar nada y choquen en el indice unico: P2002 sin capturar, sin ExceptionFilter, 500 crudo. El emisor lee 500 y reintenta, con lo que se realimenta.",backend/src/leads/leads.service.ts:116-143 (findUnique + create sin transaccion ni captura),"Sustituir `findUnique` + `create` por el mismo `upsert` que ya usa `deMeta`, o envolver el `create` en captura de P2002 que reconsulte y devuelva `repetido: true`. Es el patron que ya existe diez lineas mas abajo en el mismo fichero.",S,CONFIRMADO EN CODIGO,
A-11,A-webhook-leads,"Se responde 2xx DESPUES de procesar, con N escrituras secuenciales sin cota y sin cola",INV-9,ALTO,,MEDIA,"Peor caso de la puerta de Meta: una consulta de convenio mas un `upsert` por aviso, en serie. Con el limite de cuerpo por defecto y una entrada `leadgen` de ~150 bytes caben del orden de varios cientos de avisos en un solo POST, o sea varios cientos de idas y vueltas a la base dentro de la peticion. Peor caso de la puerta del orquestador: hasta unas diez idas y vueltas (convenio, idempotencia, create, hasta tres consultas de cruce, la persona, y la transaccion de cuatro sentencias de `:338-384`). Si el handler tarda mas de lo que Meta espera, Meta lo cuenta como fallo y reintenta — y el reintento vuelve a hacer el mismo trabajo. Es el mismo camino de A-10 hacia el apagado del webhook, por la otra punta.",backend/src/leads/leads.controller.ts:184; backend/src/leads/leads.service.ts:238-278 (bucle secuencial sin cota),"Partir en dos: persistir el crudo (A-09) y contestar 200 de inmediato; procesar despues con un consumidor propio. Mientras eso llega, dos mitigaciones baratas: cotar `avisos.length` (rechazar o trocear por encima de, digamos, 50) y sustituir el bucle por un `createMany({ skipDuplicates: true })`, que hace el lote en una sola sentencia y encaja con la idempotencia que ya existe.",L,CONFIRMADO EN CODIGO,"Ese numero descansa sobre un limite que la propia auditoria declara desconocido: A-16 dice literalmente «El limite efectivo acaba siendo el que traiga body-parser por defecto —cien kilobytes— y eso es INFERIDO, no hay linea que lo diga». No se puede marcar CONFIRMADO EN CODIGO un peor caso derivado "
B-02,B-estructura-leads,IDOR entre gremios en las plantillas de correo: se lee y se manda la del otro convenio,INV-2,ALTO,,MEDIA,"Un gestor de un gremio lee el texto íntegro de las plantillas del otro (asunto y cuerpo, que es comunicación firmada por ese gremio) con permiso de sólo VER, y con ESCRIBIR se lo manda a un ciudadano suyo con la marca cambiada. Y «apagar» una plantilla deja de significar nada: sigue viva por id, que es justo lo que INV-2 pide que no pase.",backend/src/correo/plantillas/plantillas-correo.service.ts:222 y :261 contra :173-179; rutas en backend/src/crm/crm.controller.ts:497 (sólo VER) y :508,"Sustituir los dos `findUnique` por `this.exigir(plantillaId, ambito)` y añadir `if (!plantilla.activa) throw new BadRequestException(...)` en `enviar`. Son dos líneas y el ayudante ya existe.",S,CONFIRMADO EN CODIGO,"El hallazgo es correcto —lo verifiqué línea a línea: `vistaPrevia` hace `findUnique` a pelo en plantillas-correo.service.ts:222, `enviar` lo repite en :261, `exigir` existe en :173-179 y no lo llama ninguna de las dos, `datosDe` sí recorta la ficha en :361-363, y `activa` no se mira en ninguna de la"
B-03,B-estructura-leads,"PATCH :id/formacion mueve de acción de formación a un CERTIFICADO, y no mira la etapa en ningún punto",INV-7,ALTO,,MEDIA,"Al SENA le llega una fila que dice que una persona certificó una acción de formación que no cursó, con cero avances aprobados en ella. Es el entregable contractual del producto, y es reclamable años después. De paso el cupo se mueve de una oferta a otra sin pasar por el candado de `cambiarEtapa`.",backend/src/crm/crm.controller.ts:452-461; backend/src/crm/crm.service.ts:3353-3521 (sin una sola lectura de `p.etapa` con efecto); contraste en backend/src/crm/crm.service.ts:2112-2121 y :2160-2166,"Pasar `conveniosQueMuevenInscrito(ambito.roles)` a `asignar` desde el controlador y, dentro, rechazar la reasignación cuando `ocupaSilla(p.etapa)` y el convenio no esté en esa lista. Aparte, prohibir sin excepción el cambio de `accionFormacionId` cuando `p.etapa === 'CERTIFICADO'`: si hay que rehacerlo, se pasa antes por EN_FORMACION y queda dicho en el historial, que es la regla que ya rige en `escalera.ts`.",M,CONFIRMADO EN CODIGO,"`asignar` va de :3353 a :3535, y las dos líneas del movimiento son :3522-3523. INV-7 es el invariante equivocado: la cadena webhook→lead→…→participante no se rompe aquí; lo que ocurre es que el movimiento registra `etapaAntes = etapaDespues` y el historial dice que no pasó nada (INV-3), y que la sil"
B-04,B-estructura-leads,"El sobrecupo lo autoriza cualquiera que escriba, y el rastro de quién lo autorizó se borra solo",INV-3,ALTO,,MEDIA,"Se puede meter gente por encima del aforo sin firma de nadie, y después limpiar la prueba de que se hizo con una segunda petición inocua. Queda un aula sobrevendida y ningún nombre al que preguntar.",backend/src/crm/crm.service.ts:3510-3511 y :3505-3527; backend/src/crm/crm.service.ts:1048-1049; backend/src/crm/dto.ts:113-117,"Dos cosas separadas. (1) Exigir un rol de líder para `sobrecupoMotivo`, con la misma mecánica de `conveniosQueCierran`. (2) No poner nunca `sobrecupoPorId`/`sobrecupoMotivo` a NULL desde `asignar`: si hay que retirar un sobrecupo, que sea un acto explícito, con su motivo y su movimiento. Y meter `sobrecupoMotivo` en `CLASE_POR_CAMPO` como FORMACION.",M,CONFIRMADO EN CODIGO,"Esa línea no haría nada. `CLASE_POR_CAMPO` se consulta EXCLUSIVAMENTE dentro de `valoresQueSeVan` (crm.service.ts:1542, :1550, :1561), y `valoresQueSeVan` se llama sólo desde `actualizar` (:1245, :1252), iterando sobre los objetos literales `dePersona` y `deParticipante` (:1181-1208). `sobrecupoMoti || Cuatro citas corridas, una de ellas a otra clase entera. `sobrecupoMotivo` de `CrearParticipanteDto` está en dto.ts:116-121; el de `AsignarFormacionDto` está en :359-365 — dto.ts:412-417 es `ResolverPropuestaDto.aceptados`, que no tiene nada que ver. La lógica de sobrecupo de `crear` está en :972-98"
D-03,D-papelera,"Al borrar el participante, el lead pierde su enlace en silencio (y Fase 0 dice que ese enlace no existe)","INV-7, INV-1",ALTO,,MEDIA,"Se pierde la trazabilidad de origen de la persona: de que anuncio vino, cuanto costo, que campana la trajo. El lead queda en un estado imposible (CONVERTIDO sin ficha) que ninguna consulta detecta. Y al pasar a papelera, si se copia el SetNull, el mismo agujero se hereda.","backend/prisma/schema.prisma:783 (participanteId String? @unique), :789 (onDelete: SetNull) · backend/prisma/migrations/20260828090000_mesa_de_entrada_de_leads/migration.sql (FK ... ON DELETE SET NULL) · contradice docs/arquitectura/00-mapa-actual.md:173-175 y :560-561","Con el archivado, el SetNull deja de dispararse porque ya no hay DELETE: ese es el arreglo de fondo. Aparte y ahora: (1) cambiar la relacion a onDelete: Restrict, coherente con los otros cinco Restrict de Participante (schema.prisma:933-938), para que un borrado accidental aborte en vez de mutilar; (2) anadir un CHECK que impida el estado imposible: CHECK (estado <> 'CONVERTIDO' OR ""participanteId"" IS NOT NULL); (3) corregir docs/arquitectura/00-mapa-actual.md:173-175, porque lo que falta es la relacion LeadEntrante -> Persona, no la de participante.",S,CONFIRMADO EN CODIGO,
D-08,D-papelera,"Habeas data: hay revocacion, no hay supresion, y la unica supresion posible hoy es el borrado fisico","INV-1, INV-3",ALTO,,MEDIA,"Riesgo legal en las dos direcciones a la vez: no poder atender una supresion, o atenderla borrando y perder la prueba de la autorizacion que se dio, que es exactamente lo que politicas.service.ts:190 dice que no puede pasar. Y el plan avisa de que despues cuesta una migracion con datos reales dentro.","backend/src/crm/crm.service.ts:1985-2060 (revocar: existe y esta bien) · backend/src/crm/constancia-de-autorizacion.ts:52-79 (dejar constancia) · backend/src/correo/autorizacion-vigente.ts:49-68 (cuatro estados, distingue REVOCADA de NUNCA) · docs/crm-plan.md:245 («Hace falta una ruta de anonimizacion decidida desde el principio; despues es una migracion con datos reales dentro») · grep -rniE ""anonimi"" backend frontend docs -> esa unica linea","DISENO: la supresion se cumple ANONIMIZANDO Persona, no borrandola, y conservando Participante entero.    Persona:     anonimizadaEn     DateTime?     anonimizadaPorId  String?     anonimizadaMotivo String?   /// «solicitud de supresion, radicado NNNN»  La operacion sobre personas: se sobreescriben los identificadores con marcadores estables -- primerNombre = 'SUPRIMIDO', apellidos igual, correo = null, celular = null, direccion = null, barrio = null, fechaNacimiento = null -- y numeroDocumento se sustituye por un seudonimo irreversible y ESTABLE: sha256(numeroDocumento mas pimienta del servidor), truncado. Estable para que @@unique([tipoDocumentoSepId, numeroDocumento]) (:856) siga cumpliendose y la misma persona no pueda reentrar como nueva; irreversible para que la fila ya no identifique a nadie. Lo que NO se toca, y por eso INV-1 sobrevive: la fila de personas sigue ahi con su id; participantes entero; movimientos_participante; autorizaciones_datos con su revocadaEn, que es la prueba de que hubo autorizacion y de cuando se retiro; registros_auditoria; y valores_anteriores SALVO los de clase SENSIBLE, que ya nacen sin valor (schema.prisma:1894-1897), y salvo los que guarden el nombre o el documento, que hay que pasar a valorAnterior = null con habiaValor = true. LO QUE HAY QUE DECIDIR CON EL DUENO ANTES DE ESCRIBIR CODIGO, porque cambia lo que se le reporta al SENA: si una persona anonimizada puede seguir contando en el reporte del SEP. Mi lectura es que no debe viajar al SEP (el .xlsx lleva cedulas en claro), y por tanto la anonimizacion implica salir de ETAPAS_DEL_REPORTE. Pero eso toca el entregable contractual y NO lo decido yo: ESCALAMIENTO, pregunta obligatoria al dueno del proyecto. Alternativa descartada: borrar la fila de personas con SET NULL en participantes.personaId. Se descarta porque personaId es obligatorio y la relacion es Restrict (:933), y porque dejaria fichas sin sujeto. Alternativa descartada: cifrar el documento en vez de anonimizar. Se descarta porque el cifrado es reversible y la supresion exige que no lo sea. ADR obligatorio: docs/adr/NNNN-supresion-por-anonimizacion.md.",XL,CONFIRMADO EN CODIGO,"La segunda mitad no se cumple, y es el nucleo del diseno. Los dos caminos vivos que crean personas hacen `upsert` por el documento que la persona TECLEA. Si en la fila esta guardado un sha256, el documento tecleado ya no coincide con nada, el upsert cae en `create` y el mismo ser humano vuelve a ent"
E-08,E-calendario,Un fallo en cualquiera de los dos temporizadores del calendario tumba el backend entero,NINGUNO,ALTO,,MEDIA,"Caída del backend completo por un choque entre réplicas al escribir un aviso, o por un corte transitorio de base durante la pasada horaria de Matricula. Además, la excepción aborta el bucle: los grupos que quedaban por revisar en esa pasada no reciben aviso, y como el proceso muere, tampoco lo hace el siguiente ciclo. La Fase 0 ya señaló que estos dos temporizadores arrancan siempre y sin candado; lo que no dice es que además pueden tumbar el proceso.",backend/src/crm/vigia-de-cupos.ts:35-36 y :61-91; backend/src/crm/matricula.ts:36-37; backend/Dockerfile:1,"Envolver las dos llamadas en `.catch(e => this.log.error(e))` — dos líneas, y es lo primero. Dentro de `revisar`, cambiar `findUnique` + `create` por un `upsert` sobre la clave única, que hace la operación atómica y elimina la carrera de raíz. Lo de fondo —que dos réplicas corran los mismos temporizadores— pide un advisory lock de Postgres, y es la misma pieza que hará falta para el resto de lo periódico.",S,CONFIRMADO EN CODIGO,"El P2002 entre réplicas exige dos procesos escribiendo LA MISMA base, y este despliegue no lo produce: dentro de una sede `container_name: reservasae_backend` impide escalar (docker-compose.yml:18, y el propio mapa de Fase 0 lo dice), y entre sedes cada backend escribe en SU PROPIA base —el mapa lo "
F-03,F-reservas,La cancelacion del panel lee la reserva FUERA de la transaccion y decrementa sin el UPDATE condicional,INV-4,ALTO,CRITICO,MEDIA,"Es la misma fuga de cupos de F-02 con una ventana mucho mas ancha -toda la latencia entre la consulta de la 1118 y el candado de la 1155, que incluye el _count de participantes- y sin el UPDATE condicional que en la ruta publica al menos convierte el caso extremo en un 409 legible. En el peor caso el decremento manda el contador por debajo de 0, el CHECK ofertas_cupos_dentro_del_tope aborta la transaccion y al gestor le llega un 500 sin explicacion, con lo que reintentara. Afecta a la ruta que mas se usa a diario: el panel.","backend/src/tableros/tableros.service.ts:1118 (this.prisma, fuera de la transaccion) frente a :1150 (inicio de $transaction) y :1155 (candado) · :1157-1162 (decrement ciego, sin la condicion de reservas.service.ts:373-374) · :1151 (guardia sobre la lectura de fuera) · comparar con la version buena en backend/src/reservas/reservas.service.ts:369-380","Reescribir cancelarReserva para que reutilice las piezas ya probadas de ReservasService en vez de tener su propia copia peor: extraer bloquearOferta y moverContador a un servicio compartido y llamarlos desde aqui, con la lectura de la reserva hecha dentro de la transaccion y con FOR UPDATE. Es tambien la oportunidad de arreglar F-04 y F-09 en el mismo sitio, porque los tres viven en este metodo. Mientras tanto, el minimo indispensable: mover el findFirst de :1118 dentro del $transaction y despues del FOR UPDATE.",M,CONFIRMADO EN CODIGO,"SEVERIDAD Y PROBABILIDAD INFLADAS. La cancelacion del panel NO la puede ejecutar un gestor: tableros.controller.ts:114 lleva `@Roles(RolAdmin.SUPERADMIN)`, y el guardia lo hace cumplir en admin.guard.ts:218-220 (`if (rolesDeCuenta?.length && !rolesDeCuenta.includes(admin.rol)) throw new ForbiddenExc"
F-06,F-reservas,Revivir una reserva cancelada conserva su creadoEn original: se salta la cola de la lista de espera,INV-4,ALTO,,MEDIA,"Injusticia en el reparto, silenciosa y no auditable: quien cancela y vuelve adelanta a quien nunca se fue. Es imposible de detectar leyendo los datos, porque la fila revivida es indistinguible de una original -mismo creadoEn, y canceladaEn se pone a null en :116, borrando la unica huella de que estuvo cancelada. El unico rastro que queda son los MovimientoReserva, que si conservan la CANCELACION anterior, pero nadie los cruza para ordenar la cola. En una oferta con lista de espera larga esto reparte cupos escasos a quien no le tocaba, y el afectado no tiene forma de saberlo ni de reclamarlo.","backend/src/reservas/reservas.service.ts:399 (el FIFO va por creadoEn) · :119-124 (se revive con update, no con create) · :102-117 (el objeto datos no toca creadoEn) · backend/prisma/schema.prisma:290 (creadoEn @default(now()), solo se aplica al INSERT)","Anadir a Reserva una columna enColaDesde DateTime que sea la clave de orden real, y escribirla en cada resurreccion (enColaDesde: new Date() dentro del objeto datos de :102-117) ademas de en la creacion. Ordenar por ella en :399 con desempate por id para las igualdades. Y no borrar canceladaEn al revivir: mover el historial de cancelaciones a una columna aparte o apoyarse en MovimientoReserva, para que la fila diga que estuvo cancelada. La raiz esta en F-11: si el @@unique fuera parcial no habria que revivir nada.",M,CONFIRMADO EN CODIGO,
F-07,F-reservas,"Revivir una reserva cancelada BORRA fisicamente sus respuestas del formulario, desde una ruta publica sin sesion",INV-1,ALTO,,MEDIA,"Se pierde el dato declarado, que es exactamente lo que INV-1 prohibe perder. Y se pierde de la peor manera: sin huella, por una ruta sin sesion, y como efecto colateral de una accion que la empresa vive como «volver a reservar». Si el formulario recogia caracterizacion -y catalogo.ts:116-119 dice que la plantilla de reservas cubre «los datos de quien la diligencio»-, lo que desaparece es informacion de la que depende el reporte. Nadie puede reconstruirla ni sabe que existio.",backend/src/reservas/reservas.service.ts:126-136 (el bloque entero; el deleteMany en :129) · backend/src/reservas/reservas.controller.ts:27-35 (ruta publica sin guard) · backend/prisma/schema.prisma:299 (respuestas Respuesta[] colgando de Reserva),"No borrar: versionar. Anadir a Respuesta una marca de vigencia (vigenteHasta DateTime?) y, al revivir, cerrar las viejas en vez de eliminarlas, con el indice unico parcial WHERE ""vigenteHasta"" IS NULL que es el patron que la casa ya usa en politicas_datos (backend/prisma/migrations/20260814120000_politica_por_destinatario/migration.sql:19-21, senalado en 00-mapa-actual.md:191-201). Es el mismo movimiento que pide INV-2 y no requiere inventar nada nuevo.",M,CONFIRMADO EN CODIGO,"CAUSA RAIZ OMITIDA Y REMEDIACION INCOMPLETA. El deleteMany de reservas.service.ts:129 no es un capricho: Respuesta lleva `@@unique([reservaId, preguntaId])` (schema.prisma:501, creado en migrations/20260729000000_modelo_inicial/migration.sql:317). Sin borrar, el bucle `tx.respuesta.create` de :131-1"
G-09,G-cupos,Censo incompleto: `prueba-carga.ts` escribe el contador en absoluto y cementa el descuadre de la corrida anterior,INV-4,ALTO,,MEDIA,"La oferta mas pequena de la base de desarrollo queda permanentemente llena con cero reservas. Deja de venderse: `crear` manda a todos a LISTA_ESPERA, el catalogo la pinta COMPLETO (catalogo.service.ts:72-73) y `promoverListaDeEspera` calcula `libres = cuposMaximos - cuposOcupados` sobre el contador inflado (reservas.service.ts:390) y no promueve a nadie. Ningun CHECK se queja: el contador sigue dentro de 0..cuposMaximos. Y como el propio guion es la unica prueba de INV-4 que existe, la herramienta que verifica el invariante es la que mas lo rompe.","backend/prisma/prueba-carga.ts:70-71 (borra sin decrementar), :77 (limpia ANTES), :85 (captura el baseline DESPUES), :228-231 (lo reescribe en absoluto), :80-83 (siempre la oferta mas pequena)","Mover `limpiar()` DESPUES de leer la oferta, o —lo correcto— dejar de restaurar por valor capturado y restaurar por RECALCULO: `UPDATE ofertas o SET ""cuposOcupados"" = (SELECT COALESCE(SUM(r.""cuposConfirmados""),0) FROM reservas r WHERE r.""ofertaId"" = o.id AND r.estado <> 'CANCELADA') WHERE o.id = $1`. Y que `limpiar()` cancele antes de borrar, en vez de borrar en frio: hoy hace `deleteMany` sobre `reservas` y `empresas`, que ademas es borrado fisico de entidades de negocio (INV-1) dentro de la unica prueba que se presenta como garantia.",S,CONFIRMADO EN CODIGO,"Dos correcciones. (1) La premisa no existe: 00-mapa-actual.md no contiene ninguna lista de «cuatro escritores en guiones» — las tres unicas menciones a `prueba-carga.ts` son :332, :344 y :420, y las tres lo ELOGIAN («prueba de concurrencia real», «la unica prueba de concurrencia real esta fuera de j"
G-13,G-cupos,La ruta publica de reservas puede dejar a gente inscrita sin cupo; la de admin no,INV-4,ALTO,,MEDIA,"Rompe `COUNT(participantes vivos) <= Reserva.cuposConfirmados` desde una ruta que solo pide el NIT de la empresa, que ademas es publico. Y la gente afectada ya esta citada y en el reporte al SENA: quitarles el cupo por detras no lo nota nadie hasta el aula.",backend/src/reservas/reservas.service.ts:159-220 y :224-268 (sin mirar participantes; grep `participante` sobre el fichero: cero resultados) contra backend/src/tableros/tableros.service.ts:1129-1134 (si lo mira); docs/crm-plan.md:34-35,"En `editar`, dentro de la transaccion y despues de `bloquearOferta` (:173), contar participantes vivos de esa reserva y devolver 409 si la cantidad nueva queda por debajo, con el mensaje de que primero hay que retirar nombres. En `cancelar`, 409 si hay al menos uno vivo. Cuando exista `Reserva.sillasNominadas` (G-05), el CHECK `reservas_nominadas_dentro` lo cierra en la base y estos dos `if` pasan a ser solo el mensaje bueno. Y mover el `_count` de tableros.service.ts:1122 a dentro de la transaccion, despues del candado.",M,CONFIRMADO EN CODIGO,"El invariante que cita de `docs/crm-plan.md:30-36` esta EN CONFLICTO con la regla que el codigo implementa y que una prueba sostiene. `repartirCupos` documenta y ejecuta lo contrario: «una empresa puede inscribir a MAS gente de la que aparto. Esos de mas no salen de su bloque, salen del comun» (cupo"
G-15,G-cupos,El cargue masivo de reservas ademas envenena el aforo de INSCRIPCION y se aplica a medias,INV-4,ALTO,,MEDIA,"Un solo .xlsx puede (a) dejar el cargue a medias sin decir donde se corto y (b) bloquear la inscripcion de una oferta entera sin tocar ni un contador ni disparar ni un CHECK. Y la auditoria no permite reconstruirlo: una fila por lote, sin antes/despues por linea (plantillas.service.ts:407-414).","backend/src/plantillas/plantillas.service.ts:400-405 (for sin transaccion) y :407-414 (una sola fila de auditoria, con accion PARTICIPANTE_EDITADO sobre entidad RESERVA); backend/src/crm/panel-de-cupos.ts:67-76 (apartados = SUM cuposSolicitados); backend/src/crm/cupos.ts:81-82 y :99","Envolver el bucle en una unica `$transaction` interactiva para que sea todo o nada. Enrutar el cambio de `cuposSolicitados` por `ReservasService.editar` en vez de escribir la fila a pelo — asi hereda `bloquearOferta`, `moverContador`, el `MovimientoReserva` y la promocion de lista de espera de una vez, que es todo lo que hoy se salta. Si eso no cabe en el alcance, como minimo marcar `cuposSolicitados` con `soloLectura: true` en plantillas/catalogo.ts:116-146 hasta que este el camino correcto: hoy es la unica columna editable de esa plantilla.",M,CONFIRMADO EN CODIGO,"REFUTADO el punto (2), que es el que sostiene la severidad ALTO. El panel no rechaza por `libres`. `admiteInscripciones` sale de `porQueNo === null` (panel-de-cupos.ts:173) y el motivo `LLENO` se enciende con `cupos.lleno` (:150), que es `inscritosTotales >= total` (cupos.ts:99) — se calcula con INS"
F-10,F-reservas,"Dos guiones borran fisicamente Reservas y Empresas, con su auditoria incluida",INV-1,ALTO,,BAJA,"Perdida irreversible y sin rastro de entidades de negocio: la reserva, la empresa, el historial de cupos y las respuestas del formulario. borrar-reservas.ts es el mas peligroso porque parece quirurgico -borra por NIT, imprime lo que va a hacer y hasta comprueba los descuadres al final (:95-100)- y por eso se usara: es el unico camino que hoy existe para deshacer una reserva del todo. La probabilidad es BAJA porque hacen falta el flag --si y una base que la guardia acepte, pero el impacto es total y no hay respaldo automatico (00-mapa-actual.md:588-590 lo deja como supuesto abierto).","backend/prisma/borrar-reservas.ts:87 y :91 (delete de reserva y de empresa) · backend/prisma/reiniciar-reservas.ts:34-37 (cuatro deleteMany sin where) · backend/package.json:27 (db:reiniciar-reservas) y :38 (db:borrar-reservas) · backend/prisma/schema.prisma:335 y backend/prisma/migrations/20260729000000_modelo_inicial/migration.sql:356, :371 (las cascadas que se llevan movimientos y respuestas)","Reescribir borrar-reservas.ts para que cancele en vez de borrar, reusando la misma logica de cancelar(): el guion ya calcula los cupos a devolver, solo le falta no llamar a delete. Es exactamente el movimiento que ya se hizo en tableros.service.ts y que su propio comentario (:1136-1149) explica: «Se CANCELA, no se borra». Dejar reiniciar-reservas.ts como esta pero anadirle la barrera de prisma/seed/prueba.ts, que exige un argumento explicito y sale con process.exit(1) si falta (:921-927), y marcarlo en su cabecera como herramienta exclusiva de entorno de pruebas. A mas largo plazo, lo que INV-1 pide de verdad: que el rol de base de datos de la aplicacion no tenga permiso de DELETE sobre reservas ni empresas.",S,CONFIRMADO EN CODIGO,
G-10,G-cupos,`verificar-invariantes.ts` escribe el contador sin la guardia de base y sus aserciones pueden pasar por el motivo equivocado,INV-4,ALTO,,BAJA,"Un `pnpm db:verificar` apuntado por error a la base de una sede escribe sobre una oferta de verdad. Y, mas de fondo: el verificador de invariantes de la casa puede devolver todo OK sin haber comprobado nada, y no falla nunca. Un CUMPLE sin evidencia, que es justo lo que qa-invariantes.md prohibe.","backend/prisma/verificar-invariantes.ts: sin import de guardia-de-base (contrastado con backend/prisma/borrar-reservas.ts:4, reiniciar-reservas.ts:4, prueba-carga.ts:4); :17-19 (oferta real arbitraria), :27-30, :37, :113-115 (escrituras); :6-14 (esperaFallo indiscriminado); :134-137 (imprime y no falla)","Anadir `exigirBaseSegura('Verificar invariantes')` como primera linea, igual que los otros tres. Hacer que `esperaFallo` reciba el nombre del constraint esperado y compruebe que el mensaje de Postgres lo menciona, en vez de aceptar cualquier excepcion. Usar NITs aleatorios por corrida. Y fijar `process.exitCode = fallos === 0 ? 0 : 1` como ya hace prueba-carga.ts:246.",S,CONFIRMADO EN CODIGO,"Severidad inflada por un riesgo que el propio codigo cierra. TODAS las escrituras del guion viven dentro de transacciones que terminan lanzando para revertir: :26-33 (`throw new Error('revertir')` en :31), :36-40 (:38) y el camino feliz :107-129 (:127, con `.catch(() => {})`). Los bloques de `espera"
A-05,A-webhook-leads,"La fusion descarta el documento y el interes del lead nuevo: solo propone correo, celular y nombre",INV-6,MEDIO,ALTO,ALTA,"Es la respuesta directa a «puede perderse dato del lead nuevo al fusionar»: si. El caso mas caro es el documento. Un lead que cruza por CORREO contra una `Persona` a la que le falta la cedula trae precisamente el dato que hace falta para matricular y reportar al SEP, y ese dato no llega a la ficha: se queda en `leads_entrantes.numeroDocumento`, con el lead marcado CONVERTIDO e invisible (A-01 + A-02). El asesor no sabe que existe y vuelve a pedirlo por telefono. `interes` —lo que la persona dijo que queria, en sus palabras— se escribe una vez (`leads.service.ts:137`) y no hay ninguna ruta por la que pueda salir.",backend/src/leads/leads.service.ts:322-336 (los seis campos de `llega`) y backend/src/leads/conversion.service.ts:81 frente a :143-159 (`interes` se lee y no se usa),"Anadir `tipoDocumentoSepId` y `numeroDocumento` a `llega` cuando la ficha no los tenga o difieran, y pintarlos en la pantalla de propuesta como campos de confirmacion obligatoria (nunca de aceptacion en bloque). Para `interes`, o pasarlo a `NotaParticipante` en la conversion, o quitar la columna: hoy es dato que se pide, se guarda y no se puede leer.",M,CONFIRMADO EN CODIGO,"Ese caso NO PUEDE EXISTIR. `Persona.tipoDocumentoSepId Int` y `Persona.numeroDocumento String` son ambos NOT NULL (schema.prisma:801-802), y son la clave unica `tipoDocumentoSepId_numeroDocumento` por la que entran los dos unicos creadores (`crm.service.ts:909-914` valida y normaliza antes; `preinsc"
A-12,A-webhook-leads,"Cero auditoria en todo el modulo de leads, incluido lo que escribe sobre fichas ajenas",INV-3,MEDIO,,ALTA,"Si manana una ficha aparece con un `origenLead` que nadie puso, con toques de pauta que no cuadran con la inversion, o sin la propuesta que un asesor juraba haber visto, no hay forma de reconstruir que paso ni cuando. El unico rastro es el log de aplicacion (`leads.service.ts:157-160`, `:169-172`), que no es una tabla, no sobrevive al reinicio del contenedor y no se puede consultar desde el panel.","backend/src/leads/leads.service.ts:354-382 (cinco escrituras sin auditoria); ausencia confirmada con `grep -rn ""auditoria"" backend/src/leads/` -> 0 resultados","Escribir `RegistroAuditoria` en las cinco escrituras, con un actor sintetico (`WEBHOOK:<origenSistema>`) ya que no hay admin, y con `antes`/`despues` en el borrado de propuesta y en el `origenLead`. Es el mismo `auditoria.service.ts` que ya usa el resto del CRM.",M,CONFIRMADO EN CODIGO,
A-15,A-webhook-leads,`DESCARTADO` y `procesadoEn` no los escribe nadie: no hay forma de descartar un lead basura,INV-2,MEDIO,,ALTA,"Mismo patron que el `AJUSTE_ADMIN` que Fase 0 encontro en `AccionMovimiento`: un camino declarado en el modelo y sin codigo detras. Un lead de spam o de prueba no se puede apagar; se queda PENDIENTE inflando el contador de `meta-pruebas.controller.ts:129`, que es la unica cifra de leads pendientes que el panel ensena. Y como `estado` y `procesadoEn` discrepan, cualquier consulta futura que use `procesadoEn IS NULL` como «sin procesar» contara mal los convertidos por cruce automatico.","backend/prisma/schema.prisma:744 (DESCARTADO declarado) contra `grep -rn DESCARTADO backend/src` -> solo backend/src/crm/tablero-af.ts:109, que es de otro enum; backend/src/leads/leads.service.ts:346 (CONVERTIDO sin procesadoEn)","Al montar el listado de A-01, anadir `POST /admin/leads/:id/descartar` con motivo obligatorio, auditoria y filtro de ambito — es el archivado reversible que pide INV-2, no un borrado. Y escribir `procesadoEn` tambien en `leads.service.ts:342-348`, o quitarlo y derivar el momento de `RegistroAuditoria`.",S,CONFIRMADO EN CODIGO,
B-09,B-estructura-leads,La regla del celular está escrita una vez y aplicada en una de cinco puertas,NINGUNO,MEDIO,,ALTA,"El asesor teclea un celular que el formulario acepta, la ficha lo guarda, y luego la compuerta de matrícula lo rechaza diciendo que falta el celular que está a la vista en pantalla. Y el mismo número, escrito de tres formas, es tres personas para el cruce de leads.","backend/src/comun/celular.ts:21-39; backend/src/crm/dto.ts:157-160; backend/src/preinscripcion/dto.ts:131; backend/src/crm/completitud.ts:62, :94, :116; aplicada sólo en backend/src/crm/carga.ts:123 y backend/src/leads/leads.service.ts:399-406","Un `@Transform` con `normalizarCelular` más un validador `celularValido` en los cuatro DTO que llevan `celular` (crm/dto.ts y preinscripcion/dto.ts). Guardar siempre los diez dígitos: la normalización tiene que ocurrir al escribir, no al leer.",S,CONFIRMADO EN CODIGO,
B-10,B-estructura-leads,El cruce de leads compara un correo en minúsculas contra uno que nadie pasó a minúsculas,INV-7,MEDIO,,ALTA,"El cruce que existe para no duplicar leads falla en silencio: se crea una ficha nueva para quien ya estaba, el asesor no ve la propuesta, y la persona recibe dos veces la misma llamada. La atribución de la pauta también se parte en dos.",backend/src/leads/cruzar-con-el-crm.ts:80-84 y :96-100; backend/src/leads/leads.service.ts:402; escrituras sin normalizar en backend/src/crm/crm.service.ts:1009-1010 y backend/src/preinscripcion/preinscripcion.service.ts:277-278,"Normalizar el correo al escribir (`.trim().toLowerCase()`) en las mismas cuatro puertas del hallazgo B-09, y hasta que la base esté limpia, buscar con `mode: 'insensitive'` en `cruzarConElCrm`. El índice `@@index([correo])` (schema.prisma:855) seguirá sirviendo una vez todo esté en minúsculas.",S,CONFIRMADO EN CODIGO,
B-11,B-estructura-leads,"«Restablecer» dice que restableció y no restablece: no-op silencioso o 500 crudo, según el campo",INV-3,MEDIO,,ALTA,"El único mecanismo de deshacer del sistema falla en la mitad de los campos que ofrece: en unos miente diciendo que restauró, y en otros contesta «error del servidor» sin decir qué pasó. Y el caso que miente además quema la fila, así que el valor viejo queda visible pero ya no recuperable.",backend/src/crm/crm.service.ts:1426-1437; :1179-1207; :1560-1565; :1371-1372; backend/src/crm/clase-de-dato.ts:61; backend/src/preinscripcion/preinscripcion.service.ts:1163,"Convertir el texto al tipo del campo antes de llamar a `actualizar` (una tabla campo → conversor, al lado de `CLASE_POR_CAMPO`), y rechazar con 400 los campos que `actualizar` no sabe escribir —`empresaNit` hoy— en vez de darlos por buenos. Marcar `restauradoEn` sólo después de comprobar que la escritura ocurrió.",M,CONFIRMADO EN CODIGO,"Cuatro de los seis campos NO llegan a Prisma. `actualizar` llama a `motivoDeIdInvalido(dto, ...)` en crm.service.ts:1141-1145 ANTES de construir `dePersona`, y `esValorValido` compara con `===` estricto (catalogos-sep.ts:190-193): con `generoSepId: ""5""` la comparación contra los enteros del catálogo"
B-12,B-estructura-leads,Aceptar lo que mandó el interesado pisa la ficha sin dejar el valor anterior,INV-3,MEDIO,,ALTA,"Aceptar una propuesta de un lead sustituye nombre, correo, celular o fecha de nacimiento y no queda a qué volver. Es justamente el escenario que `clase-de-dato.ts:34-40` describe como el fraude para el que existe el histórico: «corregir Perez → Pérez y sustituirle la identidad a un lead se ven idénticos en una lista de nombres de campo».","backend/src/crm/crm.service.ts:2513-2521 (sin `valoresQueSeVan`, comparar con :1244-1259); backend/src/crm/crm.service.ts:1343-1358","Meter las escrituras de `resolverPropuesta` por el mismo camino que `actualizar`: calcular `valoresQueSeVan` contra lo que hay antes del update, crear las filas de `ValorAnterior` y el `MovimientoParticipante` dentro de la misma transacción.",S,CONFIRMADO EN CODIGO,"Las dos afirmaciones son falsas. (a) Hay otras dos puertas que escriben `Persona` sin pasar por `valoresQueSeVan`. La peor es PÚBLICA: `PATCH /completar/:token` (preinscripcion.controller.ts:56-63, sin guard) ejecuta `persona.update` con primerNombre, primerApellido, correo, celular, fechaNacimiento"
B-14,B-estructura-leads,Crear una ficha y repartirla no dejan registro de auditoría: las dos acciones están declaradas y ninguna se escribe,INV-3,MEDIO,,ALTA,La tabla que existe para responder «quién tocó qué» no sabe quién metió a esta persona en el sistema. Con `borrarParticipacion` de por medio —que se lleva los movimientos por cascada (schema.prisma:989)— la creación desaparece del todo.,backend/src/comun/auditoria.service.ts:14 y :18 (declaradas); backend/src/crm/crm.service.ts:1053-1062 y :1696-1712 (sin auditoría); grep de las dos acciones sobre backend/src → vacío,"Escribir `PARTICIPANTE_CREADO` al final de `crear` (con `convenioId` y sin PII, sólo el id) y `ASESOR_ASIGNADO` en `asignarAsesorEnLote` y en la rama de `actualizar` que cambia asesor, con el asesor anterior y el nuevo en `camposTocados`.",S,CONFIRMADO EN CODIGO,"Las líneas son :13 y :16, y no son dos: son cinco. Crucé el catálogo completo (`ACCIONES`, auditoria.service.ts:10-40) contra todas las escrituras de `accion:` del backend, y nunca se escriben `PARTICIPANTE_CREADO` (:13), `ASESOR_ASIGNADO` (:16), `NIT_ALTA_MANUAL` (:17, el de B-13), `RUI_RECONSULTAD"
B-16,B-estructura-leads,"La mesa de entrada de leads es de sólo escritura: entran, no se pueden ver ni descartar",INV-6,MEDIO,,ALTA,"Todo lo que entra por Meta sin documento se queda en una tabla que nadie mira. La pauta se paga, el lead llega, y muere en la mesa de entrada. Y como no hay forma de descartarlo, la cifra de pendientes crece sin que se pueda distinguir «aún no lo he llamado» de «no servía».","backend/src/leads/conversion.controller.ts:22-41 (único método, `POST :id/convertir`); backend/prisma/schema.prisma:738-745; NO ENCONTRADO: ningún `@Get` bajo `admin/leads` — comprobado con `grep -rn ""@Controller("" backend/src --include=*.controller.ts` y lectura completa de conversion.controller.ts","Un `GET admin/leads` recortado por ámbito (con el mismo `findFirst({ where: { convenioId: { in: ambito } } })` que ya usa `conversion.service.ts:68`) y un `POST :id/descartar` que escriba `estado: 'DESCARTADO'` con motivo. Sin eso, INV-6 no tiene dónde apoyarse: se guarda el crudo pero nadie puede llegar a él.",M,CONFIRMADO EN CODIGO,"La generalización es falsa y se contradice con la propia remediación del hallazgo. Hay dos lecturas más fuera de meta-pruebas: `conversion.service.ts:68` (`leadEntrante.findFirst`, recortado por ámbito) —que el mismo hallazgo cita como modelo a copiar— y `leads.service.ts:116` (`findUnique` por la p"
C-05,C-historial,Cuatro acciones mal puestas: la bitácora dice que se editó un participante donde se editó otra cosa,INV-3,MEDIO,,ALTA,"Quien lea la bitácora dentro de seis meses leerá «participante editado» sobre reservas, empresas, instituciones y personas. Una acción mal puesta engaña con más eficacia que una ausente: la ausencia se nota, el nombre equivocado se cree.",backend/src/plantillas/plantillas.service.ts:409 (+318) · backend/src/crm/rui/rui.service.ts:199 · backend/src/instituciones/instituciones.service.ts:279 · backend/src/comun/auditoria.service.ts:19 (RUI_RECONSULTADO sin emisor) · backend/src/crm/crm.service.ts:392-401 (el groupBy que filtra por esa acción),"El catálogo `ACCIONES` es una lista plana y por eso admite cualquier cruce acción×entidad. Convertirlo en un mapa `ENTIDAD → acciones legales` y tipar `Entrada` como unión discriminada por `entidad`, de forma que `{ accion: 'PARTICIPANTE_EDITADO', entidad: RESERVA }` no compile. Es el mismo remedio que ya funcionó con las seis grafías de `ENTIDADES`: hacer que el error no compile en vez de confiar en la revisión. Luego corregir los cuatro: RESERVA_EDITADA, EMPRESA_EDITADA/INSTITUCION_EDITADA, RUI_RECONSULTADO e INSTITUCION_EDITADA.",M,CONFIRMADO EN CODIGO,"Ese sitio no es una reconsulta. El método es `tomarElNombreDelRui` (rui.service.ts:96) y lo que audita es la sobreescritura de los cuatro campos de nombre de Persona con lo que devolvió el RUI — una edición real de PII, con sus camposTocados enumerados. No existe ninguna ruta de reconsulta en el ser || El groupBy filtra por entidad Y por acción Y por la lista de ids de la página, así que hoy no se cuela nada: las filas de rui (entidad persona), de plantillas (entidad institucion/empresa/reserva) y las de entidadId 'cargue-masivo' quedan fuera por dos vías independientes. El «daño no es cosmético» "
C-08,C-historial,userAgent está en el modelo y ningún llamador lo pasa: la columna es siempre NULL,INV-3,MEDIO,,ALTA,"Ante un cambio disputado no se puede decir desde qué máquina ni con qué navegador se hizo. En las puertas públicas —enlace mágico, cargue masivo— la IP es el único identificador que hay, y falta justo ahí. Una columna siempre NULL además engaña al que lea el esquema y crea que se está capturando.","backend/src/comun/auditoria.service.ts:104,129 · backend/src/reservas/reservas.controller.ts:32,50,63 (sí lo captura, pero lo escribe en MovimientoReserva) · backend/src/comun/ip-real.ts:5-19 · sin `ip`: crm.service.ts:2385, crm.service.ts:2534, rui.service.ts:197, instituciones.service.ts:277, plantillas.service.ts:316,407, preinscripcion.service.ts:1138","Con la captura por trigger (C-16) esto se resuelve de raíz: el actor, el origen y la IP se ponen una vez por petición con `SET LOCAL app.actor / app.ip / app.user_agent` en un interceptor de NestJS, y el trigger los lee de `current_setting()`. Deja de depender de que cada llamada se acuerde de pasarlos. Como puente inmediato: añadir un decorador que inyecte `{ip, userAgent}` y pasarlo en los 13 puntos.",S,CONFIRMADO EN CODIGO,"Son 5 en la práctica, no 6, y falta una séptima en la lista. preinscripcion.service.ts:1024 pasa `ip`, pero su único llamador (:1066) invoca apuntarSituacion con tres argumentos y omite el cuarto, y guardarEmpresa (:1028) ni siquiera declara `ip` porque el controlador no lo captura: preinscripcion.c"
C-12,C-historial,Cero política de retención y cero anonimización: la bitácora guarda PII para siempre,INV-10,MEDIO,,ALTA,"Habeas data: un titular que ejerza supresión no tiene ruta, y la bitácora conserva su nombre indefinidamente. Y el propio plan advierte de lo que va a pasar: decidirlo después es una migración con datos reales dentro. Cuanto más tarde, más caro.","docs/crm-plan.md:245,287 · backend/src/crm/crm.service.ts:1781-1783 · backend/src/preinscripcion/preinscripcion.service.ts:1146-1148 · backend/src/instituciones/instituciones.service.ts:281-287 · `grep -rniE ""retencion|purga|anonimiz|caducar"" backend/src backend/prisma docs` → sin ninguna implementación","Escribir el ADR ANTES de la tabla nueva, con tres decisiones: (1) plazo de conservación, que sale del contrato con el SENA y hay que preguntarlo — supuesto abierto; (2) qué se anonimiza y qué se conserva: la fila de bitácora NUNCA se borra (eso es INV-1), se anonimiza en sitio sustituyendo actor y valores por centinelas y conservando fecha, tabla, fila_id y acción, que es lo que prueba que algo pasó sin decir de quién; (3) un identificador seudónimo estable por persona para poder seguir contando sin nombrar. Una tarea periódica sobre `ocurrido_en` lo aplica. Ojo: la anonimización es un UPDATE sobre una tabla que C-06 quiere hacer inmutable — hay que preverlo, con un rol aparte y su propia huella, o la política y el candado se contradicen.",M,CONFIRMADO EN CODIGO,
C-15,C-historial,Dos historiales paralelos con el mismo propósito y sin nada escrito que diga cuál manda,INV-10,MEDIO,,ALTA,"Quien investigue un cambio tiene que saber de memoria en cuál de las cuatro tablas mirar, y la respuesta depende de la ruta que se usó. El conocimiento es tácito: solo lo tiene quien escribió cada método. Es también la razón por la que las brechas de C-01 y C-02 pasaron desapercibidas — parecía que ya había historial porque alguna de las tablas siempre tenía algo.","backend/prisma/schema.prisma (MovimientoParticipante, MovimientoReserva, RegistroAuditoria:1553, ValorAnterior:1886) · frontend/src/app/admin/participantes/[id]/page.tsx:734-745 («Trazabilidad de los cambios de etapa») · backend/src/crm/crm.service.ts:392-401 (solo un contador) · `ls docs/arquitectura/` → solo 00-mapa-actual.md · docs/crm-plan.md:100,148 (dos párrafos que las mencionan, sin repartir competencias)","Un ADR corto que fije la división y se pueda citar: la bitácora por trigger responde «quién tocó qué fila, cuándo, desde dónde, y qué decía antes y después» para TODAS las tablas y es la fuente de verdad forense; `MovimientoParticipante` y `MovimientoReserva` se quedan como historiales de NEGOCIO —la etapa y el reparto de cupos, que se consultan y se pintan— y dejan de ser el sitio donde se busca quién hizo algo; `ValorAnterior` se conserva solo por su función de DESHACER, con su lista blanca y su política SENSIBLE, o se retira si el `antes` JSONB redactado la cubre. Escribirlo antes de tocar el esquema, no después.",S,CONFIRMADO EN CODIGO,
D-09,D-papelera,La mesa de entrada de leads no se puede ni ver ni descartar: DESCARTADO es un estado sin escritor y sin lector,"INV-2, INV-10",MEDIO,,ALTA,"La papelera de leads que se pide no se puede construir encima de nada: falta el listado, falta la busqueda y falta la accion. Y mientras tanto la mesa de entrada crece sin que nadie la mire, que es la condicion previa para que alguien acabe pidiendo un boton de borrar.","backend/prisma/schema.prisma:743-745 (DESCARTADO) · grep -rn ""DESCARTADO"" backend/src -> solo backend/src/crm/tablero-af.ts:109, que es const DESCARTADO = ['PERDIDO'] sobre EtapaParticipante · backend/src/leads/conversion.controller.ts:22-31 (unica ruta) · escritores del estado: solo 'CONVERTIDO' en leads.service.ts:346 y conversion.service.ts:180","Construir primero lo vivo y despues la papelera, en este orden: (1) GET /admin/leads con filtros por convenio, estado, origen y rango de fechas, y busqueda por nombre, correo, celular o externoId -- el indice @@index([convenioId, estado, recibidoEn]) (schema.prisma:792) ya lo soporta; (2) PATCH /admin/leads/:id/descartar que escriba estado: DESCARTADO mas motivo obligatorio mas las cuatro columnas de archivado mas auditoria; (3) GET /admin/leads?archivados=1 como vista de papelera y POST /admin/leads/:id/restaurar. Permiso: @Requiere('inscripciones','ESCRIBIR'), el mismo que convertir, porque descartar y convertir son la misma decision con signo contrario. OJO CONCEPTUAL, y es una decision que hay que escribir en el ADR: DESCARTADO y archivadoEn NO son lo mismo. Descartado = se miro y no servia (juicio de negocio; el lead sigue en la lista de trabajo como resuelto). Archivado = se saca de la vista (higiene, reversible). Un lead puede estar descartado y no archivado. Si se juntan en una sola marca se pierde la diferencia entre «lo revise y no valia» y «lo quite de en medio», que es justo lo que un asesor necesita distinguir seis meses despues.",M,CONFIRMADO EN CODIGO,
D-12,D-papelera,La reserva cancelada se resucita y pierde su prueba: el dano que la papelera va a repetir si el indice no es parcial,"INV-1, INV-2",MEDIO,,ALTA,"Se pierde el historico de reservas de una empresa: solo queda la ultima. Y se pierde la prueba de que politica de datos acepto la primera vez, que es exactamente lo que politicas.service.ts:190 protege en el otro extremo del sistema. Es la demostracion en vivo de lo que pasa cuando un indice unico total se cruza con un estado de apagado.","backend/prisma/schema.prisma:303 (el @@unique) · backend/src/reservas/reservas.service.ts:120-124 (comentario «se revive la fila cancelada»), :114 (politicaDatosId sobreescrito), :116 (canceladaEn: null), :129 (respuesta.deleteMany, «al revivir, las respuestas viejas sobran»)","Volver el indice parcial -- CREATE UNIQUE INDEX ""reservas_una_viva"" ON ""reservas""(""empresaId"",""ofertaId"") WHERE ""canceladaEn"" IS NULL -- y dejar de resucitar: una reserva nueva es una fila nueva. MovimientoReserva ya guarda cada cambio de cupos (schema.prisma:319) y no le cuesta nada que haya dos reservas de la misma empresa. Las respuestas viejas se quedan colgadas de la reserva vieja, que es donde tienen sentido. Este cambio conviene hacerlo ANTES o A LA VEZ que la papelera, porque es el mismo arreglo y comparte migracion.",M,CONFIRMADO EN CODIGO,
E-10,E-calendario,"No hay SLA de seguimiento: sólo un contador agregado, y sólo para INTERESADO",NINGUNO,MEDIO,,ALTA,"En cuanto un asesor marca CONTACTADO, el lead sale del único reloj que existe y ya no vuelve a entrar en ninguno. Puede quedarse meses en CONTACTADO o DATOS_COMPLETOS —las otras dos etapas de `ETAPAS_POR_TRABAJAR` (control.ts:69-73)— sin aparecer en ninguna lista. Y aun para INTERESADO, lo que hay es un número en una pantalla que alguien tiene que abrir: no hay tarea, ni dueño, ni fecha de vencimiento, ni escalamiento, ni aviso. Nadie lo detecta; nadie escala. Marcar CONTACTADO es, hoy, la forma de que un lead desaparezca del radar.","backend/src/crm/control.ts:439-458; backend/prisma/schema.prisma:885-932, :1025","Es una pieza que falta entera, no un arreglo. Lo mínimo que la sostiene: `proximoContactoEn` y `ultimoContactoEn` en `Participante`, escritos por las transiciones del embudo; y una vista por lead —no agregada— de «vencidos» y «sin actividad en N días», con su responsable. Antes conviene el ADR: quién es el dueño de un lead, qué reinicia el reloj y qué pasa cuando vence. La `Actividad` del calendario académico y la tarea comercial son dos conceptos distintos y no deben compartir nombre — es justo el encargo de la ficha.",XL,CONFIRMADO EN CODIGO,"Dos afirmaciones son falsas. (1) `NotaParticipante` no tiene «sólo creadoEn»: tiene `canales CanalContacto[]` (schema.prisma:1022) y `resultado ResultadoGestion?` (:1024) —CONTACTO / SIN_RESPUESTA / DATO_MALO— con índice `@@index([participanteId, resultado])` (:1031), puesto justo para esa pregunta."
F-11,F-reservas,"El unico contra la doble reserva es un @@unique TOTAL, no parcial: por eso hay que revivir filas",INV-2,MEDIO,,ALTA,"El unico total es la causa raiz de F-06 y F-07, que son ALTO los dos: sin el, no haria falta revivir nada y una reserva nueva seria una fila nueva con su fecha nueva y sus respuestas propias. Ademas impide la papelera que pide INV-2: hoy no hay forma de tener a la vez el historico de una reserva cancelada y una reserva viva de la misma empresa en la misma oferta. Sobre el solapamiento de horarios: no es un riesgo activo mientras la reserva sea de cupos por empresa y no de personas por grupo, pero es un agujero que se abrira en cuanto exista el estado INSCRITA de F-08, y conviene decidirlo ahora en el ADR y no cuando ya haya datos.","backend/prisma/schema.prisma:303 (@@unique total) · backend/src/reservas/reservas.service.ts:77-79 y :119-124 (la resurreccion que el unico total obliga) · backend/prisma/verificar-invariantes.ts:43-58 (la prueba que lo cubre) · el patron bueno: backend/prisma/migrations/20260814120000_politica_por_destinatario/migration.sql:19-21 · NO ENCONTRADO: grep -rniE ""solap|overlap|choque|conflicto de horario"" backend/src no devuelve ninguna validacion · backend/prisma/schema.prisma:136-139 (fechas del Grupo, anulables)","Sustituir el @@unique total por un indice unico parcial en SQL, que Prisma no sabe declarar y hay que escribir en la migracion a mano: CREATE UNIQUE INDEX ""reservas_una_viva"" ON ""reservas""(""empresaId"",""ofertaId"") WHERE ""estado"" <> 'CANCELADA'. Con eso, reservas.service.ts:119-124 deja de revivir y vuelve a crear, y F-06 y F-07 desaparecen solos. Ojo con el orden (INV-8): crear el indice parcial primero, migrar el codigo despues, y solo al final retirar el @@unique viejo; y comprobar antes que no haya ya dos filas vivas del mismo par, que el unico actual garantiza que no las hay. Para el solapamiento de horarios, no anadir nada todavia: dejarlo escrito como supuesto en el ADR de la maquina de estados.",M,CONFIRMADO EN CODIGO,"LA REMEDIACION ROMPE OTRA COSA, Y SU ORDEN NO PUEDE FUNCIONAR. Tres problemas. (1) Ese @@unique es lo que genera el input compuesto `empresaId_ofertaId` del cliente de Prisma, y ese input se usa en reservas.service.ts:78 -unico sitio del repo, verificado con grep-. Quitarlo del schema rompe la compi"
F-12,F-reservas,"No hay requisito previo ninguno: ni documento verificado, ni correo verificado, ni perfil del programa",NINGUNO,MEDIO,,ALTA,"Cualquiera puede apartar cupos con un NIT inventado de 5 digitos y un correo que nunca leera, 10 veces por minuto y por IP (reservas.controller.ts:28), en una ruta sin sesion. Combinado con F-01 -que esos cupos no expiran nunca- y con F-16 -que la oferta no se puede cerrar-, es el camino completo para secar una oferta sin escribir un solo dato cierto. Y como el correo no esta verificado, el aviso de promocion que hay que construir (F-05) llegara a un buzon muerto, con lo que el cupo promovido se pierde igual. La probabilidad es ALTA no por malicia sino por lo comun: erratas en el NIT y correos mal tecleados en un formulario publico.","backend/src/reservas/dto/crear-reserva.dto.ts:66-69 (@IsEmail, solo formato) y :90-96 (los dos @Equals(true)) · backend/src/comun/nit.ts:8-23 (normalizarNit acepta 5-15 digitos y calcula el DV) frente a :57-72 (leerNit, que si contrasta, y que reservas no llama) · backend/src/reservas/reservas.service.ts:39 (usa exigirNit, no leerNit) · backend/prisma/schema.prisma:235-238 (institucionId opcional, por diseno) · backend/src/main.ts:99-105 (ValidationPipe global: lo del DTO si es servidor)","Por orden de rentabilidad. Primero, usar leerNit en vez de exigirNit y guardar digitoCuadra y pareceEmpresa como aviso para el analista: la pieza ya esta escrita y probada, solo hay que llamarla, y su comentario (comun/nit.ts:74-78) explica por que avisa y no rechaza, criterio que hay que respetar. Segundo, el correo verificado: no lo resuelvas con un @IsEmail mas estricto, resuelvelo con el token de un solo uso al correo de contacto que ya esta decidido en docs/crm-plan.md:210, que es el mismo mecanismo que necesita F-05. Tercero, la elegibilidad por convenio: es una regla de negocio que no esta escrita en ningun sitio del repositorio y necesita ADR antes que codigo.",M,CONFIRMADO EN CODIGO,"DESCRIBE MEDIA FUNCION. normalizarNit tiene dos ramas. Solo la de nit.ts:18-20 calcula el DV. La de nit.ts:13-16 -la que se dispara cuando el NIT llega con guion, que es como lo teclea la gente- devuelve el digito TECLEADO tal cual, sin contrastarlo nunca contra calcularDigitoVerificacion. Es peor q"
F-14,F-reservas,"La Empresa se crea fuera de la transaccion: si la reserva falla, queda una organizacion huerfana",NINGUNO,MEDIO,,ALTA,"Filas de Empresa sin ninguna reserva detras, creadas por intentos fallidos desde una ruta publica sin sesion. Ensucian el listado por razon social (schema.prisma:253 tiene indice para ese listado), inflan cualquier conteo de organizaciones alcanzadas -metrica que se reporta- y son indistinguibles de una empresa real que aun no ha reservado. La probabilidad es ALTA porque el caso que las produce es justo el mas frecuente cuando importa: una oferta a punto de llenarse, varias empresas intentandolo a la vez, y las que pierden la carrera se llevan un 409 dejando su fila puesta. No es perdida de datos ni sobrecupo, por eso no marca invariante, pero es basura acumulandose por diseno.","backend/src/reservas/reservas.service.ts:59 (la llamada, antes del $transaction de :73) · :512-516 (upsert sobre this.prisma, no sobre tx) · :58 (el comentario que confirma que es deliberado) · :376-380 (el 409 que puede abortar la transaccion despues) · :153 (el timeout de 15 s)","No meter el upsert dentro de la transaccion: el motivo de tenerlo fuera es bueno y meterlo alargaria el tramo con la oferta bloqueada. Dos opciones limpias. La barata: dejarlo como esta y anadir a la consulta de descuadres un conteo de empresas sin reservas, para poder verlas. La correcta: separar el alta de la organizacion de la creacion de la reserva, de modo que una Empresa sin reservas sea un estado legitimo y no un residuo, que es ademas lo que el esquema ya asume, porque Empresa cuelga tambien de Participante (schema.prisma:246) para «quien dice trabajar aqui, con o sin reserva» (:245).",S,CONFIRMADO EN CODIGO,
F-15,F-reservas,"Cero specs para el dominio reservas, y la unica prueba real no cubre la concurrencia de la reversa",NINGUNO,MEDIO,,ALTA,"Los dos hallazgos CRITICOS de concurrencia de este informe (F-02 y F-03) son invisibles para todo lo que hoy se ejecuta, y seguiran siendolo despues de arreglarlos: sin prueba que los reproduzca, la regresion vuelve. El criterio de aceptacion de INV-4 que me obliga -avalancha con 1, 50 y 200 peticiones paralelas y sobrecupo cero en las tres- hoy no se puede dar por cumplido para la REVERSA, solo para la entrada, y aun eso con un unico tamano de avalancha (cuposMaximos + 7) que depende de la oferta mas pequena que haya sembrada (:80-82). Y como no hay CI (00-mapa-actual.md:409), ninguno de los dos guiones corre salvo que alguien los invoque a mano.","NO ENCONTRADO: find backend/src/reservas -name ""*.spec.ts"" sin resultados · backend/prisma/prueba-carga.ts:100-104 (lo unico concurrente) frente a :146-225 (los seis casos secuenciales) · :169-191 (una sola cancelacion) · backend/prisma/verificar-invariantes.ts:25-91 (los CHECK, si cubiertos) · backend/package.json:23-24 (los dos guiones, fuera de pnpm test)","No sustituir prueba-carga.ts por specs con dobles: seria un retroceso disfrazado de mejora, y ademas los dobles sustituyen $queryRaw por [] (00-mapa-actual.md:418-419), con lo que los FOR UPDATE no se ejercitan. Ampliar el guion que ya existe con tres casos nuevos, todos contra base real: N cancelaciones simultaneas de la MISMA reserva comprobando que cuposOcupados no se mueve mas de lo debido; cancelacion publica y cancelacion administrativa (tableros) a la vez sobre la misma reserva; y edicion a la baja concurrente con una creacion nueva, comprobando que la lista de espera se promueve exactamente una vez. Escribirlos ANTES del arreglo y ensenarlos fallando: si pasan antes, la prueba esta mal.",M,CONFIRMADO EN CODIGO,
F-17,F-reservas,La cadena de INV-7 no tiene arista entre el lead y la reserva,INV-7,MEDIO,,ALTA,"No se puede responder con una consulta a la pregunta que INV-7 existe para responder: de este lead que entro por el webhook, salio una reserva? Y al reves: esta reserva, de que campana vino? El dato para atribuir la inversion en pauta a los cupos efectivamente apartados no existe. Es tambien lo que impide medir si el embudo funciona: hay lead -> participante y hay reserva -> participante, pero el vertice del medio esta suelto, asi que las dos mitades solo se cruzan cuando alguien acaba inscrito, que es tarde.","backend/prisma/schema.prisma:263-308 (Reserva, sin leadId) · :750-793 (LeadEntrante: tiene participanteId en :783 y :789, no tiene reservaId) · :869 (Participante.reservaId anulable, «sin reserva si la persona llego por su cuenta») · :952 (Participante.lead opcional) · backend/src/reservas/reservas.service.ts:73-154 (la transaccion de crear: no toca lead ni Participante)","No anadir una columna todavia. Primero decidir en un ADR cual es la unidad de la cadena, porque el modelo tiene una asimetria de fondo: el lead es de una PERSONA y la reserva es de una EMPRESA, y no son la misma cosa ni se corresponden una a una -una empresa reserva 5 cupos y detras puede haber cinco leads, o ninguno. Segun lo que se decida, la arista sera Reserva.leadId (si un lead puede originar una reserva), una tabla puente (si son N a N) o nada, dejando el puente en Participante y documentandolo. Lo que no vale es dejarlo sin decidir, que es donde esta hoy.",M,CONFIRMADO EN CODIGO,
F-18,F-reservas,La maquina de estados de la reserva no esta documentada en ninguna parte del repositorio,INV-10,MEDIO,,ALTA,"Es la causa comun de la mitad de este informe. Sin regla escrita, la tercera implementacion de la reversa -la del cargue masivo, plantillas.service.ts:400-405- salio directamente sin candado, sin contador y sin promocion, y nadie tuvo con que compararla. Cualquier trabajo futuro sobre este dominio repetira el patron. Y el arreglo de F-02, F-03 y F-04 consiste precisamente en unificar las tres copias, que no se puede hacer bien sin decidir antes cual es la buena.","NO ENCONTRADO: grep -rniE ""SOLICITADA|EXPIRADA|NO_ASISTIO|EstadoReserva"" docs/ CLAUDE.md no devuelve ninguna coincidencia · backend/prisma/schema.prisma:258-260 (los tres unicos comentarios que hay) · las dos implementaciones divergentes: backend/src/reservas/reservas.service.ts:224-268 frente a backend/src/tableros/tableros.service.ts:1117-1195","Escribir el ADR ANTES de tocar codigo, y que cubra cuatro decisiones concretas: (1) los estados y las transiciones legales, incluida la que hoy existe y nadie declaro, CANCELADA -> CONFIRMADA al revivir; (2) cuanto dura el hold y quien confirma, que es lo que decide F-01; (3) la regla de que todo camino que toque cuposOcupados o cuposMaximos pasa por moverContador y termina en promoverListaDeEspera, que es F-04; (4) el orden de bloqueo -oferta primero, reserva despues- para que F-02 no se arregle en un sitio creando un interbloqueo en otro. Con eso escrito, los arreglos son mecanicos.",S,CONFIRMADO EN CODIGO,
G-07,G-cupos,Subir el tope no promueve la lista de espera: los cupos nuevos nacen muertos,INV-4,MEDIO,,ALTA,"Cupos financiados que nadie ocupa mientras hay empresas esperando. Es el mismo dano que el contador inflado de G-11, pero por la puerta de delante y a plena luz.","backend/src/cronograma/cronograma.service.ts:259-271 (termina sin promover); backend/src/reservas/reservas.service.ts:384 (promoverListaDeEspera es private), invocado solo en :213 y :262","Extraer `promoverListaDeEspera` (y `bloquearOferta`/`moverContador` con ella, ver G-01) a un colaborador compartido, y llamarla desde `actualizarCupos` dentro de la MISMA transaccion, despues de :262, cuando `nuevoTope > topeAnterior`. El candado de :242 ya esta tomado, asi que es seguro. Si no se quiere tocar el modulo de cronograma, al menos dejar una comprobacion en el vigilante que reporte ofertas con `cuposMaximos - cuposOcupados > 0` y reservas con `cuposEnEspera > 0` a la vez: hoy esa consulta no existe en ninguna parte.",S,CONFIRMADO EN CODIGO,"Esa consulta SI existe, y es exactamente esa: `promoverListaDeEspera` calcula `libres = oferta.cuposMaximos - oferta.cuposOcupados` (reservas.service.ts:390) y busca `reserva.findMany({ ofertaId, cuposEnEspera: { gt: 0 }, estado: { not: CANCELADA } })` (:393-400). Lo que no existe no es la consulta,"
A-07,A-webhook-leads,"La clave de idempotencia incluye una cabecera que escribe quien llama, y esa misma cabecera decide si el lead es pauta",INV-5,MEDIO,ALTO,MEDIA,"La idempotencia solo se sostiene si el emisor manda siempre la misma cabecera. Un cambio de configuracion en el orquestador, un despliegue con la variable distinta o un reintento desde otro proceso duplican todos los leads del periodo, cada uno con su propia ficha potencial. Y cualquiera con la llave puede inflar la metrica de pauta mandando `x-origen-sistema: ads`, que es el `includes` de `:32`: la cifra de coste por inscrito se puede escribir desde fuera.",backend/src/leads/leads.controller.ts:71 y :80-81; backend/src/leads/leads.service.ts:108-110 y :116-119,"Que `origenSistema` no salga de una cabecera libre: derivarlo de la credencial usada (una llave por emisor, ver A-13) o validarlo contra una lista cerrada y rechazar lo que no este. `esPauta` debe salir de la misma fuente autenticada, no de una subcadena de un valor arbitrario.",S,CONFIRMADO EN CODIGO,"Solo si el lead CRUZA con una ficha que ya existe, y ademas solo la primera vez. `esPauta` se calcula en `leads.service.ts:108-110` y se consume en UN solo sitio: se pasa a `avisarQueYaEstaba` (:156) y alli se usa en :357 y :366. `grep -n esPauta backend/src/leads/*.ts` da cinco aciertos, todos en e"
A-10,A-webhook-leads,Sin @SkipThrottle en los webhooks: el limite global de 60/min puede hacer que Meta APAGUE la suscripcion,NINGUNO,MEDIO,ALTO,MEDIA,"La consecuencia con Meta, que es lo que se pregunta: pasado el minuto 60, la ruta contesta 429. Meta trata cualquier no-2xx como entrega fallida, reintenta con retroceso y, si la tasa de fallo se sostiene, DESACTIVA la suscripcion del webhook. Recuperarla es manual en el panel de Meta y en el intervalo no llega nada; los leads de ese hueco no se reenvian. Y hay un segundo mordisco: el `GET /webhooks/leads/meta` de verificacion (`leads.controller.ts:105`) comparte el mismo cubo, asi que con el limite agotado no se puede ni volver a encender. El sintoma es «Meta no nos manda nada», que es el mas caro de diagnosticar porque no hay nada roto que mirar.","backend/src/app.module.ts:30 y :49; docs/crm-plan.md:208; ausencia confirmada con `grep -rn ""SkipThrottle"" backend/ --include=*.ts` -> 0 resultados","`@SkipThrottle()` sobre `LeadsController` entero, o al menos sobre las tres rutas. La proteccion real de esa puerta es la firma HMAC y la llave, no el contador. Si se quiere un tope, que sea propio y holgado, y que devuelva 200 encolando en vez de 429.",S,CONFIRMADO EN CODIGO,"Los DOS mecanismos son falsos. (a) nginx pone `proxy_set_header CF-Connecting-IP $remote_addr;` en el bloque `/api/` de forma incondicional, con el comentario «La pone nginx SIEMPRE, pise lo que pise el cliente» (docker/nginx/default.conf:65-67; el gemelo para `/` esta en :47-49). Toda peticion de M"
B-13,B-estructura-leads,POST admin/participantes/nit escribe (y reactiva) instituciones con permiso de sólo lectura y sin actor,INV-2,MEDIO,,MEDIA,"Una cuenta de sólo consulta escribe en el banco de NIT que comparten los dos gremios y reactiva un registro que alguien archivó a propósito. Nadie puede decir después quién lo hizo: no se guarda el admin, ni la IP, ni la acción.",backend/src/crm/crm.controller.ts:120 y :138-142; backend/src/crm/directorio.service.ts:73-105 (`update: { activo: true }` en :88); backend/src/comun/auditoria.service.ts:19,"Poner `@Requiere('inscripciones', 'ESCRIBIR')` en la ruta, pasar `@AdminActual()` e `@IpReal()` al servicio y escribir el `NIT_ALTA_MANUAL` que ya está en el catálogo. Y separar «dar de alta» de «reactivar»: el `update: { activo: true }` debería exigir un acto explícito, no colarse en un upsert.",S,CONFIRMADO EN CODIGO,"Dos cosas. (a) Si «cuenta de sólo consulta» se lee como `Admin.rol = CONSULTA` —que es como lo lee cualquiera— es falso: el controlador entero exige `@Roles(RolAdmin.SUPERADMIN, RolAdmin.GESTOR)` en crm.controller.ts:119. La frase sólo es cierta para un `RolConvenio = CONSULTA` sobre una cuenta cuyo"
B-15,B-estructura-leads,Borrar la participación devuelve la cédula en claro y corta la cadena del lead sin decirlo,INV-7,MEDIO,,MEDIA,"La cédula viaja al navegador y a los logs del proxy en la respuesta de un borrado, justo en la operación donde más cuidado se tuvo con ella. Y después del borrado queda un lead marcado como convertido que no lleva a ninguna parte: no se puede reprocesar ni auditar de dónde salió esa persona.",backend/src/crm/crm.service.ts:1783 vs :1792; backend/prisma/schema.prisma:783 y :789; backend/src/leads/conversion.service.ts:176-182,"En el `return`, `taparDocumento(p.persona.numeroDocumento)` — es la misma función, dos líneas más arriba. Y antes del `participante.delete`, dejar constancia en el propio `LeadEntrante` (motivo y `estado`), o cambiar la relación a `Restrict` cuando exista lead, coherente con los otros cinco `Restrict` de `Participante` (schema.prisma:933-938).",S,CONFIRMADO EN CODIGO,"Ese fichero y esas líneas no dicen eso: leads.service.ts:176-182 está dentro de otra función. La escritura de `estado: 'CONVERTIDO'` con `participanteId` está en conversion.service.ts:176-184 —que es lo que sí dice la sección de evidencia del propio hallazgo, así que es una discrepancia interna entr"
B-17,B-estructura-leads,Un gestor académico inscribe con permiso de sólo lectura sobre inscripciones,INV-4,MEDIO,,MEDIA,"Alguien con permiso de VER sobre inscripciones consume una silla del aforo y mete a una persona en el reporte al SENA. La matriz de `permisos.ts` dice una cosa y la ruta hace otra, que es el error que la ficha del revisor advierte que es el más fácil de cometer aquí.",backend/src/crm/crm.controller.ts:433; backend/src/admin/admin.guard.ts:141-145; backend/src/admin/permisos.ts:48-62; backend/src/crm/crm.service.ts:2113-2121 y :2192-2200,"Partir la regla: dentro de `cambiarEtapa`, exigir nivel ESCRIBIR en `inscripciones` para los destinos del embudo (INTERESADO, CONTACTADO, INSCRITO, PERDIDO) y nivel ESCRIBIR en `academico` para los del aula, pasando los dos conjuntos de convenios desde el controlador como ya se hace con `cierran` y `muevenInscrito`. El `.some()` del guard está bien para dejar entrar; lo que falta es la distinción dentro.",M,CONFIRMADO EN CODIGO,"El mecanismo es correcto y lo recorrí paso a paso: `.some()` en el guard, `saleDelCupo(INTERESADO, INSCRITO)` es falso porque INTERESADO no está en `OCUPAN_SILLA` (etapas.ts:30-34), `motivoDeTransicionImposible` devuelve null porque INSCRITO no está en `CIERRES`, y `CIERRES_DE_FORMACION` es sólo `['"
B-18,B-estructura-leads,"El origen de un lead lo elige quien lo crea, sin prueba y sin rastro",INV-3,MEDIO,,MEDIA,"La tabla del Comité de Marketing (`control/planeacion-de-pauta`, crm.controller.ts:224-236) se puede inflar tecleando. Se toman decisiones de inversión publicitaria sobre una columna que cualquiera con permiso de escribir puede rellenar a mano, sin que quede constancia de quién la puso ni de que no había ningún anuncio detrás.",backend/src/crm/dto.ts:100-102; backend/src/crm/crm.service.ts:1045; backend/src/crm/origen-del-lead.ts:56-67 y :80-99; backend/src/crm/clase-de-dato.ts:22-72,"No aceptar `origen` del cuerpo en `crear`: la creación desde el panel es ASESOR por definición, y los canales de pauta sólo los debería escribir el webhook. Si hace falta permitirlo, que exija justificación, escriba un `ToqueDeOrigen` y quede en auditoría — el mecanismo ya está hecho en `registrarToqueDeOrigen`.",S,CONFIRMADO EN CODIGO,"La remediación no cierra el agujero, porque el webhook TAMBIÉN acepta `origen` del cuerpo: `EntraLeadDto.origen` es un enum opcional (leads/dto.ts:49) y `leads.service.ts:131` escribe `origen: dto.origen ?? 'OTRO'` en `LeadEntrante`, que `conversion.service.ts:154` propaga tal cual a `crm.crear`. Qu"
B-19,B-estructura-leads,Crear una ficha pisa el correo y el celular de una Persona compartida entre los dos gremios,INV-3,MEDIO,,MEDIA,"Escritura cruzada entre inquilinos sin ninguna huella: el correo al que se le manda la citación de un gremio lo cambia un gestor del otro. Es la misma clase de daño que el comentario de la preinscripción describe («desviaba hacia el atacante todo lo que el sistema le mandara después»), sólo que desde dentro del panel.",backend/src/crm/crm.service.ts:1012-1017; backend/prisma/schema.prisma:795 y :857; contraste con backend/src/preinscripcion/preinscripcion.service.ts:294-306,"Aplicar en `crear` la misma regla que ya rige en la preinscripción: en la rama `update` del upsert, rellenar sólo huecos (`yaHabia?.correo ?? dto.correo ?? undefined`). Si un asesor tiene que corregir el dato de una persona que ya existe, que lo haga por `PATCH :id`, que sí historia y sí audita — y que sólo alcanza a fichas de su ámbito.",S,CONFIRMADO EN CODIGO,"La probabilidad está rebajada porque el agente sólo miró la puerta de una ficha. La vía realista es el cargue masivo: `confirmarCarga` llama a `this.crear(...)` fila a fila (crm.service.ts:2797-2816) pasándole `correo` y `celular` de cada línea pegada, así que un solo .xlsx de cuarenta filas puede p"
B-20,B-estructura-leads,"Dos escritores de fechaMatricula con reglas contrarias, y el SEP congela la edad contra ese campo",INV-3,MEDIO,,MEDIA,"La fecha que viaja al SENA cambia sola de un día para otro sin que quede escrito qué decía antes, y con ella el rango de edad reportado. Con dos réplicas, además, el historial muestra dos veces el mismo paso al aula.",backend/src/crm/matricula.ts:88-95 contra backend/src/crm/crm.service.ts:2288-2299; backend/src/crm/matricula.ts:36-38 (setInterval sin candado),"Decidir cuál de las dos reglas manda y escribirla en un solo sitio. Si manda la fecha de arranque del grupo, que `cambiarEtapa` también la use; si manda la primera vez, que `Matricula` respete `!fechaMatricula`. En cualquier caso, meter `fechaMatricula` en `CLASE_POR_CAMPO` para que el cambio deje su valor anterior.",S,CONFIRMADO EN CODIGO,"Mismo defecto que B-04. `fechaMatricula` la escriben `cambiarEtapa` (crm.service.ts:2299-2300) y `matricula.ts:97`, y ninguna de las dos pasa por `valoresQueSeVan`, que es el único lector de `CLASE_POR_CAMPO`. Además las citas están corridas: el `fechaMatricula: inicio ?? hoy` de Matrícula está en m"
B-22,B-estructura-leads,El webhook público borra físicamente la propuesta que el asesor aún no ha visto,INV-1,MEDIO,,MEDIA,"Lo que la persona mandó por el primer anuncio se pierde sin que quede constancia de que existió. Si los dos leads traían datos distintos —y por eso hubo propuesta— se elige el segundo por ser el segundo, no porque nadie lo haya mirado.",backend/src/leads/leads.service.ts:369-376; backend/src/preinscripcion/preinscripcion.service.ts:959-962; contraste con backend/src/crm/crm.service.ts:2524-2530,"Cambiar el `deleteMany` por un `updateMany` a un estado nuevo (DESPLAZADA o similar) con el id de la que la sustituye. Es el mismo patrón de «apagar sí, borrar no» que ya se aplica a las plantillas de correo y a los enlaces (`anuladoEn`).",S,CONFIRMADO EN CODIGO,
C-13,C-historial,registrar() se traga sus propios errores: la traza se pierde en silencio y solo queda un log,INV-9,MEDIO,,MEDIA,"La bitácora puede tener huecos que nadie descubre, porque un hueco no se ve: una ficha con tres cambios y dos filas se lee igual de completa que una con tres. Es el mismo modo de fallo que la migración de las grafías describe, con otra causa.",backend/src/comun/auditoria.service.ts:116-135 (try/catch que solo loguea) · backend/src/crm/crm.service.ts:1294 vs :1310 · backend/src/crm/crm.service.ts:2322 vs :2324 · backend/src/crm/crm.service.ts:1749-1775,"El trigger de C-16 elimina la ventana de raíz: la fila de bitácora se escribe DENTRO de la misma transacción que el cambio, por construcción, y si falla la transacción entera se deshace — no hay estado intermedio posible ni `await` fuera de la transacción, que es justo lo que INV-9 pide. Mientras eso llega: contar los fallos de `registrar()` en un contador y exponerlo, para que el hueco al menos sea visible.",S,CONFIRMADO EN CODIGO,"La línea 1294 es el cierre del `escrituras.push(...)` del movimiento. El `await this.prisma.$transaction(escrituras)` está en :1297. El fondo del hallazgo es correcto y las otras dos citas (:2322 vs :2324, y :1749-1775) sí están bien."
E-11,E-calendario,"No hay control de solapamientos de ningún tipo, ni forma de tenerlo: el horario es texto libre y el aula no existe",NINGUNO,MEDIO,,MEDIA,"Dos cohortes citadas el mismo día a la misma hora en la misma sede, descubierto por la gente al llegar. Ni se bloquea ni se advierte, porque con el modelo de hoy no hay nada que comparar. Conviene decir en voz alta que no es un olvido de validación: es que la franja horaria no existe como dato.","backend/prisma/schema.prisma:139, :112-124; backend/src/cronograma/dto.ts:30-33; backend/prisma/migrations/20260729000000_modelo_inicial/migration.sql:275-278","No implementar nada todavía: preguntar primero. Si al negocio le importa el aula, hace falta modelar la franja (díaSemana, horaInicio, horaFin) y el espacio como entidad con aforo, y eso es un cambio de modelo con su ADR. Si no le importa —porque las sedes las coordina alguien fuera del sistema—, entonces lo correcto es escribirlo como decisión y dejar de tratar `horario` como si algún día fuera a ser estructurado. La ficha obliga a escalar esto: depende de cómo lo lleva la gente del negocio, no del código.",L,CONFIRMADO EN CODIGO,
E-12,E-calendario,"El invariante «fecha de calendario a medianoche UTC» lo sostiene el <input type=date>, y la propia semilla ya lo rompe",INV-10,MEDIO,,MEDIA,"Es el supuesto tácito que sostiene todas las cuentas de fechas del dominio, y sólo lo respeta quien pasa por el formulario. Cualquier cliente de la API, guion o importación puede meter una hora y descolocar en silencio `estadoDeGrupo`, la ventana de inscripción, la matriculación automática y el tablero académico. Y ya hay un caso vivo: la semilla, cuyo 13:00 UTC es precisamente lo que tapa E-04 y E-05 en todos los entornos de prueba. Un supuesto que sólo se cumple por costumbre es exactamente lo que INV-10 prohíbe.","backend/src/cronograma/dto.ts:20,26; backend/src/cronograma/cronograma.service.ts:136,142; backend/prisma/seed/prueba.ts:373","Normalizar en la frontera: en el DTO, quedarse con `slice(0,10)` y construir la fecha con `Date.UTC(a, m-1, d)`, de modo que sea imposible guardar una hora. Corregir la semilla a medianoche. Y en el expand de la próxima migración, evaluar pasar las dos columnas a `DATE` de Postgres, que es lo que de verdad son y hace el invariante estructural en vez de convenido. Merece el ADR de zona horaria que la ficha ya lista como pendiente, porque la distinción instante/fecha-de-calendario está bien resuelta en `dia-bogota.ts` y mal repartida por el resto.",M,CONFIRMADO EN CODIGO,
F-13,F-reservas,La reserva no deja constancia de autorizacion: el consentimiento se guarda como dos booleanos fuera del libro,INV-3,MEDIO,,MEDIA,"Dos consecuencias. La legal: el consentimiento de habeas data del contacto queda como dos booleanos en una fila que ademas se SOBRESCRIBE al revivir la reserva (los mismos campos se reescriben en el update de :121 con el objeto datos de :112-114), asi que no es append-only y no hay historial de que se acepto y cuando. La practica, y es la que muerde ya: autorizacion-vigente.ts:61 decide a quien se le puede escribir leyendo AutorizacionDatos, de modo que ningun contacto que solo haya llegado por una reserva figurara como autorizado. En cuanto exista el correo de promocion de F-05, o no se le podra escribir, o se le escribira saltando el filtro. Es una colision que conviene ver antes de construir el correo, no despues.","backend/src/reservas/reservas.service.ts:112-114 (los tres campos, y nada mas) · backend/src/crm/constancia-de-autorizacion.ts:60-70 (como se hace bien en el resto) · NO ENCONTRADO: grep -rn ""autorizacionDatos|AutorizacionDatos|constancia-de-autorizacion"" backend/src/reservas/ sin resultados · backend/src/correo/autorizacion-vigente.ts:61 (el filtro que decide a quien se le puede escribir, y que lee AutorizacionDatos) · backend/prisma/schema.prisma:279-282 (los datos personales del contacto)","Llamar a la pieza que ya existe, backend/src/crm/constancia-de-autorizacion.ts, dentro de la transaccion de crear() -es una escritura a la propia base, no rompe INV-9- pasandole el politicaDatosId que ya se resolvio en :60. Antes hace falta decidir una cosa que no esta escrita en ninguna parte y necesita ADR: si el contacto de una reserva es un titular de datos con su propia constancia, o si se le trata como representante de la empresa. Del resultado depende tambien si se le puede mandar el correo de F-05.",M,CONFIRMADO EN CODIGO,
F-16,F-reservas,No hay forma de cerrar una oferta desde la aplicacion: el unico freno tumba la accion entera,NINGUNO,MEDIO,,MEDIA,"Es la ausencia que convierte F-01 y F-12 de problemas lentos en problemas sin freno de mano. Si una oferta empieza a llenarse de reservas fantasma, o si hay que parar las inscripciones de una sede concreta por cualquier motivo operativo, no hay boton: la unica salida es ocultar la AccionFormacion entera con visible, que se lleva por delante todas las demas ofertas de esa accion -todas las otras sedes- y ademas no cierra nada, solo la saca del sitio publico. Un campo del modelo que declara una capacidad que el producto no tiene es tambien conocimiento tacito: quien lea el esquema creera que se puede cerrar una oferta.","backend/prisma/schema.prisma:183-184 (abierta, con el comentario «Cerrar impide reservas nuevas») · backend/src/reservas/reservas.service.ts:48 (quien lo lee y decide) · NO ENCONTRADO: escritura de abierta; grep -rn ""abierta"" backend/src --include=*.ts solo devuelve lecturas (catalogo.service.ts:39, preinscripcion.service.ts:81 y :202, crm.service.ts:3192 y :3405, panel-de-cupos.ts:61 y :147, tableros.service.ts:456 y :543) · backend/src/admin/admin.service.ts:805-806 (el unico interruptor que si existe, y que es otra cosa)","Anadir un PATCH bajo AdminGuard que escriba abierta, junto al de visible que ya existe en admin.service.ts:806 y con el mismo permiso. Es pequeno y desbloquea el freno de mano que hoy no hay. Cuidado con una cosa: cerrar la oferta NO debe cancelar lo reservado ni vaciar la lista de espera -es lo que dice el comentario del esquema, «cerrar impide reservas nuevas»- y conviene que la operacion quede auditada, que hoy no lo estaria por F-09.",S,CONFIRMADO EN CODIGO,
G-04,G-cupos,"La capa de inscripcion SI tiene candado, pero cubre solo la mitad y Fase 0 no lo registro",INV-4,MEDIO,,MEDIA,"Da una falsa sensacion de cobertura: quien lea `cambiarEtapa` concluye que inscripcion esta protegida, y no lo esta mientras `asignar()` escriba sin candado. La proteccion de una fila la anula el escritor que no la respeta.","backend/src/crm/crm.service.ts:2252-2277 (el candado que si existe), :2256 (solo si hay cobertura), :2270 (solo mide cobertura), :1958 (el `if` previo); backend/src/crm/panel-de-cupos.ts:53 y :56 (this.prisma, no tx)","Mantener el candado de :2254 tal cual — es el patron bueno — y (a) hacer que `PanelDeCupos.deLaOferta` acepte un `Prisma.TransactionClient` opcional para poder reusar la misma regla dentro y fuera del candado sin duplicarla; (b) mover el reconteo fuera del `if (p.coberturaId)` y anadir la comprobacion a nivel de oferta y de reserva; (c) documentar en un ADR el ORDEN DE CANDADOS obligatorio: `ofertas` primero, siempre, y despues cualquier otra fila. Hoy los cuatro sitios que bloquean (reservas.service.ts:352, crm.service.ts:2254, cronograma.service.ts:242, tableros.service.ts:1155) coinciden por casualidad, no por regla escrita.",M,CONFIRMADO EN CODIGO,"El hallazgo tecnico es correcto y bien citado, pero la correccion a Fase 0 se pasa de frenada. Fase 0 SI registra `cambiarEtapa` como escritor de la capa de inscripcion, por nombre y por linea: 00-mapa-actual.md:468 lista `crm.service.ts` (`cambiarEtapa`, `asignar:3353`). Lo que dice la celda de :33"
G-08,G-cupos,El tope puede bajar por debajo de la gente real: el conteo de cronograma ignora a los que no tienen grupo,INV-4,MEDIO,,MEDIA,"Se puede bajar el tope de un grupo por debajo de la gente que realmente va a presentarse, con el mensaje «ya tiene N personas dentro» calculado sobre un N menor que el real. El sobrante no aparece en ninguna pantalla hasta el dia del aula.",backend/src/cronograma/cronograma.service.ts:201 y :216-222; backend/src/crm/crm.service.ts:3486 y :3509 (coberturaId ?? null); backend/src/crm/matricula.ts:116-120 (el detector que lo confirma),"Contar tambien a los participantes de la oferta sin cobertura asignada, o —mejor y mas barato— exigir cobertura en `asignar()` cuando la etapa ocupa silla, que es lo que `exigirQueQuepa` ya exige en el otro camino (crm.service.ts:1911-1937). Dos reglas distintas para «hace falta grupo» es la causa de fondo.",S,CONFIRMADO EN CODIGO,"El mecanismo esta puesto en el sitio equivocado. El `_count` de :201/:216-222 mide el tope de ESA cobertura contra la gente de ESA cobertura: quien tiene `coberturaId = null` no ocupa una silla de ese grupo, asi que excluirlo es correcto, no un fallo. El agujero real esta un nivel arriba y el audit "
G-17,G-cupos,No existe forma de cerrar una oferta: el freno de emergencia del aforo esta declarado y no esta cableado,INV-4,MEDIO,,MEDIA,"Cuando se detecte un descuadre —y por G-01, G-09 o G-11 se va a detectar— no hay manera de parar la venta de esa oferta desde la aplicacion mientras se investiga. La unica via es un UPDATE por psql, que no deja huella (INV-3). Es decir: el incidente obliga a cometer la infraccion.","grep de `abierta:` sobre backend/src: doce coincidencias, todas en select/where, ninguna escritura; backend/src/crm/crm.service.ts:3405-3410 (mensaje que apunta a una accion que no existe)","Anadir la ruta de cierre y apertura con `@Requiere('reserva','ESCRIBIR')` y `@Roles`, escribiendo `abierta` dentro de la misma transaccion que toma el `FOR UPDATE` de la oferta, con `MovimientoReserva` de accion `AJUSTE_ADMIN` —que ya esta en el enum (schema.prisma:315) y no lo escribe nadie, segun Fase 0— y su fila de auditoria. Es la pieza que hace posible responder a un incidente de cupos sin tocar la base a mano.",S,CONFIRMADO EN CODIGO,
A-13,A-webhook-leads,"La respuesta del webhook es un oraculo de existencia de PII, y la llave es UNA sola para los dos gremios",NINGUNO,MEDIO,,BAJA,"Quien tenga la llave puede preguntar «¿este correo o este celular pertenece a alguien registrado?» una vez por `externoId` nuevo y leer la respuesta en `encontradoPor`. Es confirmacion de dato personal de colombianos sin sesion y sin rastro (A-12). Ademas la llave no separa gremios: un integrador de ADECOPRIA puede escribir leads en BRITCHAM-ADEE cambiando una cabecera, lo que rompe la separacion de tratamientos de datos que `cruzar-con-el-crm.ts:47-50` declara explicitamente como razon de diseno.","backend/src/leads/leads.service.ts:161-166 (la respuesta confirma la coincidencia); backend/src/leads/secreto-de-leads.ts:24 y :48 (una sola variable, sin sufijo de gremio)","No devolver `encontradoPor` ni `participanteId` al emisor del webhook: basta `{ id, repetido }`. Y una llave por emisor y por gremio (`LEADS_WEBHOOK_SECRET_<SLUG>`), con el mismo patron sin respaldo global que ya usa `configDeMeta` — el argumento de `meta-por-gremio.ts:50-53` aplica igual aqui.",S,CONFIRMADO EN CODIGO,"Dos citas mal puestas. `secreto-de-leads.ts:24` es `export const CABECERA = 'x-clave-leads';` — no es la variable. `LEADS_WEBHOOK_SECRET` aparece en :29 (el tipo), :33 y :48. Y `docker/nginx/default.conf:40` es `proxy_pass $destino_frontend;`: el `proxy_set_header Host $host;` esta en :41 (bloque de"
A-14,A-webhook-leads,Ninguna barrera contra formula de hoja de calculo en el camino lead -> ficha -> .xlsx del SEP,NINGUNO,MEDIO,,BAJA,"Matizo con honestidad para no vender mas riesgo del que hay: ExcelJS escribe un string como celda de tipo texto y no como `<f>`, asi que abrir el `.xlsx` generado NO ejecuta la formula — eso es INFERIDO del comportamiento de la libreria, no lo verifique ejecutando nada. El riesgo real esta en el salto de formato: el reporte al SEP se manipula a mano antes de subirlo al portal del SENA, y en cuanto alguien lo guarda como `.csv` y lo reabre, o el portal reinterpreta la celda, `=cmd|'/c ...'!A1` vuelve a ser formula. Lo que si esta CONFIRMADO es que el dato entra sin restriccion desde una ruta sin sesion, viaja intacto hasta la celda y en ningun punto del recorrido hay una linea que lo neutralice.","backend/src/tableros/exportar.ts:52 y :100 (addRows y writeBuffer, sin neutralizar); backend/src/leads/dto.ts:52-55 (nombreCompleto sin restriccion de caracteres); ausencia confirmada con `grep -rniE ""formula|sanitiz"" backend/src` -> 0 resultados aplicables","Neutralizar en `construirLibro` (`tableros/exportar.ts`), que es el embudo por el que pasan todas las exportaciones: si un valor de texto empieza por `=`, `+`, `-`, `@`, tab o CR, anteponer un apostrofo. Un solo sitio cubre SEP, F7 y tableros. Complementariamente, restringir los caracteres admitidos en `nombreCompleto` en el DTO del webhook.",S,CONFIRMADO EN CODIGO,"Ni la clase se llama asi ni la agravante agrava. `grep -rn ""CrearFichaDto"" backend/src` da CERO resultados: la clase es `CrearParticipanteDto` (`backend/src/crm/dto.ts:35`). Y aunque el pipe corriera, no cambiaria nada para este riesgo: `primerNombre` es `@Transform(recortar) @IsString() @IsNotEmpty"
B-21,B-estructura-leads,GET /completar/:token devuelve la Persona entera con include: la lista de PII falla abierta,INV-10,MEDIO,,BAJA,"Hoy sale de más lo justo para no notarlo. El día que se añada una columna sensible a `Persona` —una nota interna, una marca de riesgo, un resultado del RUI— saldrá sola por una ruta pública sin que nadie tome ninguna decisión, y no habrá revisión que lo cace porque no hay línea que cambiar.",backend/src/preinscripcion/preinscripcion.service.ts:612-620 y :638; :684; :1391-1416; backend/src/crm/clase-de-dato.ts:16-21; NO ENCONTRADO: `@Throttle` en preinscripcion.controller.ts,Sustituir el `include` por un `select` explícito con los campos que el formulario necesita. Es el mismo argumento que sostiene la lista blanca de `clase-de-dato.ts`: un campo nuevo no debe empezar a salir solo porque alguien lo añadió al modelo.,S,CONFIRMADO EN CODIGO,
D-10,D-papelera,Convertir un lead son dos transacciones distintas: una caida entre medias parte la cadena y permite ficha duplicada,"INV-5, INV-7, INV-9",MEDIO,,BAJA,"Persona duplicada en el CRM sin que ninguna restriccion lo impida, lead que dice estar pendiente cuando ya tiene ficha, y trazabilidad de origen perdida. Y con la papelera encima, el operador vera dos fichas identicas y archivara una de las dos a ciegas.","backend/src/leads/conversion.service.ts:142-158 (crm.crear) y :176-184 (leadEntrante.update, fuera de transaccion) · backend/prisma/schema.prisma:875 (accionFormacionId String?) y :955 (el @@unique) · mismo hueco descrito en docs/arquitectura/00-mapa-actual.md:204-208","Envolver crm.crear() y el leadEntrante.update() en una sola $transaction, y sacar de ella lo que toca fuera -- la constancia y el encolado del RUI (:167-172 y :191-198) -- por outbox, no con un await dentro, que es lo que pide INV-9. Aparte, y es lo que de verdad cierra el duplicado: la unicidad de ficha viva no puede depender de una columna anulable. Anadir un indice unico parcial ON participantes(""convenioId"",""personaId"") WHERE ""archivadoEn"" IS NULL AND ""accionFormacionId"" IS NULL, que es la regla que el negocio da por hecha y que hoy no existe en ningun sitio.",M,CONFIRMADO EN CODIGO,"La conclusion es correcta pero el diagnostico esta incompleto, y la frase «no existe en ningun sitio» es falsa. La regla SI existe en aplicacion, dos veces: crm.service.ts:1023-1036 lanza ConflictException «Esta persona ya esta en esa accion de formacion», y preinscripcion.service.ts:317-324 hace el"
D-13,D-papelera,Una bandera que un camino de lectura olvida: politicaVigente no mira vigenteHasta,INV-10,MEDIO,,BAJA,"Hoy no da un fallo visible porque el indice parcial hace que la de mayor version sea casi siempre la vigente. Pero es el fallo TIPO que va a tener archivadoEn: la bandera existe, la mayoria la respeta, uno la olvida, y el fallo no se ve hasta que hay datos raros. Lo cito porque es la prueba de que el patron «cada consulta se acuerda del filtro» ya fallo una vez en este repo.","backend/src/crm/constancia-de-autorizacion.ts:20-30 (sin vigenteHasta) frente a backend/src/politicas/politicas.service.ts:77-91 (vigentePublica, con vigenteHasta: null) · el indice parcial que garantiza una sola viva: migrations/20260814120000_politica_por_destinatario/migration.sql:19-21","Que politicaVigente() filtre vigenteHasta: null y quitar el orderBy: version desc, que deja de hacer falta cuando el indice parcial garantiza que solo hay una. Son dos lineas. Y sirve de argumento en el ADR: por eso D-02 propone una extension de Prisma Client en vez de confiar en 72 where.",S,CONFIRMADO EN CODIGO,
E-09,E-calendario,"«Nadie se queda fuera de un sitio que ya ocupa» es un if fuera de la transacción, sin CHECK que lo respalde",INV-4,MEDIO,,BAJA,"Una cobertura con más gente dentro que su `cuposMaximos`. A partir de ahí, el aula está sobrevendida y nada lo detecta: el CHECK que sí existe (`ofertas_cupos_dentro_del_tope`, migration.sql:389-390) protege `Oferta.cuposOcupados`, que cuenta reservas, no participantes. Es el mismo patrón que INV-4 quiere erradicar: la garantía la da un if y no la base. La ventana es estrecha —hacen falta un coordinador bajando cupos y un asesor inscribiendo a la vez—, de ahí la probabilidad baja.","backend/src/cronograma/cronograma.service.ts:192-203, :215-222, :224; backend/prisma/migrations/20260729000000_modelo_inicial/migration.sql:275-278","Mover el `findFirst` con su `_count` dentro de la transacción, después de tomar el `FOR UPDATE` de la oferta; con eso la ventana se cierra, porque `cambiarEtapa` se serializa contra esa misma fila. Y añadir la red que falta en la base: `CHECK (""cuposMaximos"" >= ""cuposBase"" AND ""cuposBase"" >= 0)` sobre `grupos_cobertura`, que además hoy no impide ni cupos negativos. El invariante «participantes vivos <= cuposMaximos de la cobertura» no se puede expresar como CHECK de fila y necesita su propia decisión — es candidato al ADR de estrategia anti-sobrecupo que la ficha ya lista.",M,CONFIRMADO EN CODIGO,"El techo de la cobertura se puede rebasar SIN concurrencia ninguna, por dos rutas de admin que el auditor no abrió. `asignar` cuenta ocupación solo a nivel de OFERTA (`ocupadas >= oferta.cuposMaximos`, crm.service.ts:3459-3475, con exención por `sobrecupoMotivo`) y después escribe `coberturaId` sin "
E-14,E-calendario,"El enlace lead→participante existe (la Fase 0 se equivoca), pero se corta solo al borrar la ficha",INV-7,MEDIO,,BAJA,"Dos cosas. Primera, y es lo que más importa ahora: el mapa de Fase 0 está desactualizado en uno de sus diez hallazgos críticos, y si se planifica Fase 2 contra él se va a presupuestar un trabajo que ya está hecho. Segunda: borrar un participante rompe la trazabilidad hacia atrás sin dejar constancia, justo en el único borrado físico que queda vivo.",backend/prisma/schema.prisma:783 y :789,"Corregir el hallazgo 8 del mapa —lo pide INV-10 tanto como el código—. Y cuando se resuelva el borrado lógico de participante (que es lo que INV-1 e INV-2 piden de todas formas), este `SetNull` deja de dispararse solo; mientras tanto, no cambiar el `onDelete` sin decidir antes qué es un lead cuya ficha desapareció. La respuesta correcta es que la ficha no debe desaparecer.",S,CONFIRMADO EN CODIGO,
G-11,G-cupos,"La cascada que infla el contador: cuantificada, y con menos alcance del que Fase 0 sugiere",INV-4,MEDIO,,BAJA,"Por cada evento: N sillas muertas en esa oferta, permanentes, sin excepcion ni log ni alerta. La oferta deja de venderse cuando el contador inflado alcanza `cuposMaximos`, y `promoverListaDeEspera` (reservas.service.ts:390) deja de promover porque calcula los libres sobre ese mismo contador. El unico detector es `pnpm db:estado` (backend/prisma/estado.ts:44-51), que hay que invocar a mano y que solo imprime: sin CI y sin planificador (Fase 0, seccion 1), nadie lo corre.",backend/prisma/schema.prisma:294 (Cascade) contra :935 (Restrict); backend/prisma/borrar-reservas.ts:82-87 (decrementa antes de borrar: correcto) y :95-100 (comprueba descuadre despues); backend/prisma/prueba-carga.ts:70-71 (borra sin decrementar); grep empresa.delete sobre backend/src: cero resultados,"No cambiar la cascada: cambiarla a Restrict romperia el borrado legitimo de `borrar-reservas.ts`, que si cuadra el contador. Lo que hace falta es la deteccion y la puerta. (a) Meter la consulta de estado.ts:44-51 en el vigilante periodico con codigo de salida distinto de cero — REPORTA, no corrige, segun vigilante-consistencia.md. (b) Anadir a `borrar-reservas.ts` la misma consulta de comprobacion que ya trae en :95-100 como puerta y no como informe: hoy imprime «DESCUADRE en N ofertas» y sale con exito. (c) Documentar en un ADR que `cuposOcupados` no se puede reconstruir sin las reservas, y que por eso ningun camino puede borrar una Reserva sin decrementar primero.",M,CONFIRMADO EN CODIGO,"`borrar-reservas.ts` cuadra el contador, si — pero es un borrado FISICO de entidades de negocio, con nombre de comando propio (`pnpm db:borrar-reservas`, backend/package.json:38), que ademas destruye la auditoria por cascada: `MovimientoReserva.reserva` es `onDelete: Cascade` (schema.prisma:335) y `"
G-14,G-cupos,Una mutacion que mueve el contador va declarada con permiso de LECTURA,INV-3,MEDIO,,BAJA,El modelo de permisos deja de ser legible: no se puede auditar quien puede tocar los cupos leyendo los decoradores. Y la unica barrera efectiva es un `@Roles` que nada obliga a mantener.,"backend/src/tableros/tableros.controller.ts:112-118 (@Requiere('reserva','VER') sobre un @Post que muta)","Cambiar a `@Requiere('reserva', 'ESCRIBIR')` y conservar el `@Roles(SUPERADMIN)`. Y de paso: revisar el resto de `@Post`/`@Patch`/`@Delete` con `@Requiere(..., 'VER')` en los 19 controladores, que es una consulta de un minuto y no la ha hecho nadie.",S,CONFIRMADO EN CODIGO,"El permiso mal etiquetado es real, pero el hallazgo se queda corto y se marca MEDIO cuando en la misma ruta se pierde un dato: esa cancelacion NO deja constancia de QUIEN la hizo. `tableros.service.ts:1175-1184` crea el `MovimientoReserva` sin `adminId` y sin `ip`, aunque la columna existe (`schema."
B-23,B-estructura-leads,Al reasignar una ficha no se guarda quién la tenía antes,INV-3,BAJO,,ALTA,«¿Quién tenía esta ficha en marzo?» sólo se contesta reconstruyendo la cadena entera de notas. Para una reclamación sobre gestión comercial —o para saber a quién se le pasó por alto un lead— eso no basta.,backend/src/crm/crm.service.ts:1707-1710 y :1218; backend/src/crm/clase-de-dato.ts:22-72; backend/prisma/schema.prisma:989,"Añadir `asesorId` a `CLASE_POR_CAMPO` (clase FORMACION, es de la ficha del curso y no de la persona) y guardar el nombre del asesor saliente en la nota del movimiento: «De Ana a Beto».",S,CONFIRMADO EN CODIGO,
D-14,D-papelera,"El unico archivado que existe es un booleano mudo: no dice cuando, ni quien, ni por que, y no se audita","INV-2, INV-3",BAJO,,ALTA,"Alguien archiva la pregunta obligatoria de un formulario publicado y no queda constancia de quien fue ni cuando. Como precedente es peligroso: si la papelera de leads y participantes se construye copiando esta forma, nace sin las tres columnas que el encargo pide.","backend/prisma/schema.prisma:444-445 y :473 · backend/src/formularios/formularios.service.ts:770-789 (archiva sin auditar) y :765 (desarchiva sin auditar) · grep -n ""auditoria\|Auditoria"" backend/src/formularios/formularios.service.ts -> cero coincidencias","Al hacer la migracion de papelera, alinear los tres modelos con el mismo vocabulario -- archivadoEn, archivadoPorId, archivadoMotivo -- y dejar Pregunta.archivada y Opcion.archivada como columnas derivadas hasta poder retirarlas, siguiendo expand -> migrate -> contract de INV-8: primero se anaden las columnas nuevas y se escriben las dos a la vez, luego se migran las lecturas, y solo despues se retira el booleano. Una sola palabra para una sola cosa: hoy conviven archivada, activo, visible, vigenteHasta, canceladaEn, revocadaEn y esDePrueba, y solo tres significan de verdad lo mismo. Eso va al ADR de borrado logico, con el criterio escrito de cual usar cuando.",M,CONFIRMADO EN CODIGO,
E-13,E-calendario,El estado POR_AVISAR de la ventana está declarado y no lo escribe nadie,NINGUNO,BAJO,,ALTA,"Quien lea el tipo para entender la máquina de estados de la ventana contará cinco situaciones donde el sistema distingue cuatro, y escribirá un `switch` con una rama muerta. Es el mismo patrón que la ficha señala en `AJUSTE_ADMIN`: un estado que nadie escribe es un error de diseño, no una reserva para el futuro.",backend/src/crm/calendario-inscripcion.ts:89 y :113-116,"Quitarlo. Si de verdad hace falta distinguir «aún no toca avisar» de «ya toca», entonces hay que escribirlo en el cálculo y darle significado; pero eso es una decisión, no una casilla. Cuando se levante la máquina de estados de «Evento de agenda» que la ficha encarga, este tipo es el punto de partida y conviene que llegue limpio.",S,CONFIRMADO EN CODIGO,
E-15,E-calendario,inscritosSinGrupo cuenta el hueco más caro del cronograma y no lo llama nadie,NINGUNO,BAJO,,ALTA,"Es exactamente la lista de gente que se queda atascada entre inscripción y aula, y es invisible. Se cruza con E-07: el vigía avisa de los grupos a los que les faltan personas, y este método sabe de las personas a las que les falta grupo. Las dos mitades del mismo problema están calculadas y ninguna se enseña.",backend/src/crm/matricula.ts:116-120,Sacarlo por el mismo endpoint que E-07. Es una cifra y una consulta que ya está escrita; el coste es el del controlador.,S,CONFIRMADO EN CODIGO,"La mitad más grande de esa población ya es visible. `revisar` empuja el motivo «no tiene grupo asignado» (completitud.ts:137) y `alistamiento` lo devuelve agrupado por motivo y con hasta 300 personas (sep.service.ts:74-97), servido por `GET admin/…/alistamiento` (sep/sep.controller.ts:26): un INSCRI"
G-12,G-cupos,CORRECCION A FASE 0: `POST /preinscripcion/:slug` no viola INV-4,NINGUNO,BAJO,,ALTA,"Corregir esto importa para no gastar la Fase 2 blindando un camino que ya esta bien y dejar sin blindar los que no lo estan (G-01 y G-03). El riesgo real de esta ruta es de volumen y de datos personales, y ese sigue en pie.","backend/src/preinscripcion/preinscripcion.service.ts:335 (etapa INTERESADO), :199-209 (si mira abierta/visible), :318-327 (idempotente), :1352-1366 (solo asciende a DATOS_COMPLETOS); backend/src/crm/etapas.ts:30-34 (OCUPAN_SILLA); backend/prisma/schema.prisma:878 (default INTERESADO)","Retirar este punto de la lista de violaciones de INV-4 en docs/arquitectura/00-mapa-actual.md:540-541 y reabrirlo como hallazgo del dominio de datos personales: ruta publica sin guard que crea `Persona` y `Participante`. Si se quiere cerrar tambien por aforo, lo barato es rechazar la preinscripcion cuando el panel diga LLENO reusando `PanelDeCupos.deLaOferta` — pero es una mejora de experiencia, no una barrera de invariante.",S,CONFIRMADO EN CODIGO,
A-16,A-webhook-leads,"El limite de tamano del cuerpo no esta fijado en ningun sitio, y `carga` es JSONB sin cota propia",NINGUNO,BAJO,,BAJA,"El limite efectivo acaba siendo el que traiga body-parser por defecto —cien kilobytes— y eso es INFERIDO, no hay linea que lo diga: nadie que lea el codigo sabe cual es el tope, y un cambio de version de Nest o de Express puede moverlo sin que nadie lo note. Los diecinueve megas y pico de diferencia entre lo que nginx acepta y lo que el backend acepta se traducen en un 413 generado por Express con cuerpo HTML, no en un mensaje del sistema. Con el tope al alza, `carga` deja escribir objetos grandes en la tabla desde una ruta sin sesion.",backend/src/main.ts:93 y :98-106 (ningun limite configurado); docker/nginx/default.conf:9 (20M); backend/src/leads/dto.ts:88-90 (`@IsObject` sin validacion anidada),"Fijar el limite explicitamente en `main.ts` (`app.use(json({ limit: '256kb' }))` y el equivalente para el raw de Meta), documentarlo al lado del `client_max_body_size` de nginx para que las dos cifras se lean juntas, y anadir un tope de tamano serializado a `carga` antes de escribirla.",S,CONFIRMADO EN CODIGO,
